id,category,score,skills
42156237,DIGITAL-MEDIA,71.08,"['python', 'sql', 'mysql', 'html', 'javascript', 'power bi', 'excel', 'tableau']"
21866029,HEALTHCARE,46.94,"['sql', 'excel', 'tableau']"
26585242,HEALTHCARE,46.94,"['sql', 'excel', 'tableau']"
13385306,INFORMATION-TECHNOLOGY,45.01,"['c', 'sql', 'tableau']"
12011623,ENGINEERING,42.87,"['python', 'c', 'sql', 'html', 'machine learning', 'pandas', 'tableau']"
72231872,HR,39.85,"['excel', 'tableau']"
26231609,FINANCE,39.85,"['excel', 'tableau']"
30344127,APPAREL,39.85,"['excel', 'tableau']"
18448085,AUTOMOBILE,39.42,"['python', 'sql', 'mysql', 'pandas', 'numpy', 'matplotlib', 'excel', 'tableau']"
77439230,ADVOCATE,37.55,['tableau']
32531824,BUSINESS-DEVELOPMENT,37.55,['tableau']
34250007,FINANCE,37.55,['tableau']
90280583,ENGINEERING,37.55,['tableau']
65237556,PUBLIC-RELATIONS,37.55,['tableau']
32985311,ENGINEERING,35.55,"['python', 'c', 'sql', 'tableau']"
14871762,BUSINESS-DEVELOPMENT,33.17,"['python', 'java', 'sql', 'excel', 'tableau']"
39166680,DIGITAL-MEDIA,32.91,"['sql', 'html', 'javascript', 'tableau']"
30863060,CONSULTANT,31.3,"['java', 'sql', 'html', 'javascript', 'excel', 'tableau']"
11813872,AGRICULTURE,29.58,"['python', 'java', 'sql', 'aws', 'pandas', 'matplotlib']"
91189201,CONSULTANT,29.46,"['sql', 'aws', 'azure', 'excel', 'tableau']"
32959732,INFORMATION-TECHNOLOGY,29.28,"['sql', 'linux', 'azure', 'tableau']"
30968749,DESIGNER,28.17,"['sql', 'excel']"
10247517,INFORMATION-TECHNOLOGY,28.17,"['sql', 'excel']"
37764298,INFORMATION-TECHNOLOGY,28.17,"['sql', 'excel']"
57002858,INFORMATION-TECHNOLOGY,28.17,"['sql', 'excel']"
29075857,INFORMATION-TECHNOLOGY,28.17,"['sql', 'excel']"
79541391,INFORMATION-TECHNOLOGY,28.17,"['sql', 'excel']"
20748929,BUSINESS-DEVELOPMENT,28.17,"['sql', 'excel']"
26530696,SALES,28.17,"['sql', 'excel']"
88907739,CONSULTANT,28.17,"['c', 'sql', 'excel']"
95792386,CONSULTANT,28.17,"['sql', 'excel']"
26341645,AUTOMOBILE,28.17,"['sql', 'excel']"
24854026,FINANCE,28.17,"['sql', 'excel']"
11441764,FINANCE,28.17,"['sql', 'excel']"
20977412,FINANCE,28.17,"['sql', 'excel']"
26013403,FINANCE,28.17,"['sql', 'excel']"
14181049,FINANCE,28.17,"['sql', 'excel']"
28998957,APPAREL,28.17,"['sql', 'excel']"
32081266,ENGINEERING,28.17,"['sql', 'excel']"
31694970,ENGINEERING,28.17,"['c', 'sql', 'excel']"
21031285,ACCOUNTANT,28.17,"['sql', 'excel']"
39115899,ACCOUNTANT,28.17,"['sql', 'excel']"
18132924,ACCOUNTANT,28.17,"['sql', 'excel']"
14449423,ACCOUNTANT,28.17,"['c', 'sql', 'excel']"
12065211,ACCOUNTANT,28.17,"['sql', 'excel']"
87635012,ACCOUNTANT,28.17,"['sql', 'excel']"
36107065,PUBLIC-RELATIONS,28.17,"['c', 'sql', 'excel']"
71422121,BANKING,28.17,"['sql', 'excel']"
35483925,BANKING,28.17,"['sql', 'excel']"
34758680,BANKING,28.17,"['sql', 'excel']"
27606527,BANKING,28.17,"['sql', 'excel']"
19176318,BANKING,28.17,"['sql', 'excel']"
24610685,SALES,27.98,"['c', 'sql', 'mysql', 'html', 'css', 'javascript', 'excel', 'tableau']"
34319869,DIGITAL-MEDIA,26.55,"['github', 'excel', 'tableau']"
62994611,AGRICULTURE,26.45,"['python', 'c', 'sql', 'html', 'css', 'javascript', 'node.js', 'flask', 'tensorflow', 'scikit-learn', 'pandas', 'tableau']"
13586069,CONSULTANT,26.23,"['sql', 'mysql', 'machine learning', 'excel', 'tableau']"
19796840,INFORMATION-TECHNOLOGY,24.81,['sql']
13836471,INFORMATION-TECHNOLOGY,24.81,['sql']
14789139,INFORMATION-TECHNOLOGY,24.81,['sql']
27536013,INFORMATION-TECHNOLOGY,24.81,['sql']
41344156,INFORMATION-TECHNOLOGY,24.81,['sql']
25959103,INFORMATION-TECHNOLOGY,24.81,['sql']
11580408,INFORMATION-TECHNOLOGY,24.81,"['c', 'sql']"
17688766,INFORMATION-TECHNOLOGY,24.81,['sql']
10553553,INFORMATION-TECHNOLOGY,24.81,['sql']
18176523,INFORMATION-TECHNOLOGY,24.81,['sql']
22776912,INFORMATION-TECHNOLOGY,24.81,['sql']
20879311,INFORMATION-TECHNOLOGY,24.81,['sql']
31111279,INFORMATION-TECHNOLOGY,24.81,"['c', 'sql']"
11963737,ADVOCATE,24.81,['sql']
32042584,BUSINESS-DEVELOPMENT,24.81,"['c', 'sql']"
18365443,HEALTHCARE,24.81,['sql']
32563518,HEALTHCARE,24.81,['sql']
19532392,AGRICULTURE,24.81,['sql']
57706851,BPO,24.81,"['c', 'sql']"
55104715,SALES,24.81,['sql']
28951817,CONSULTANT,24.81,['sql']
31217840,CONSULTANT,24.81,['sql']
29647215,CONSULTANT,24.81,['sql']
20314980,CONSULTANT,24.81,"['c', 'sql']"
13454871,CONSULTANT,24.81,['sql']
20574232,CONSULTANT,24.81,['sql']
26341987,DIGITAL-MEDIA,24.81,['sql']
28790806,AUTOMOBILE,24.81,['sql']
70541112,FINANCE,24.81,['sql']
18024825,FINANCE,24.81,"['c', 'sql']"
11890896,ENGINEERING,24.81,"['c', 'sql']"
10041713,CONSTRUCTION,24.81,"['c', 'sql']"
38946032,CONSTRUCTION,24.81,['sql']
77156708,BANKING,24.81,['sql']
18457785,BANKING,24.81,['sql']
20850529,BANKING,24.81,['sql']
98348532,BANKING,24.81,['sql']
25200253,BANKING,24.81,['sql']
18067556,INFORMATION-TECHNOLOGY,22.73,"['python', 'sql', 'html', 'css', 'linux', 'aws', 'azure', 'excel', 'tableau']"
12351749,SALES,22.0,"['c', 'machine learning', 'excel', 'tableau']"
29524570,DESIGNER,20.58,"['c', 'sql', 'html', 'excel']"
80503242,ADVOCATE,20.58,"['sql', 'html', 'excel']"
15765660,SALES,20.58,"['sql', 'html', 'excel']"
23864858,DIGITAL-MEDIA,20.58,"['sql', 'html', 'excel']"
30097175,ENGINEERING,20.58,"['c', 'sql', 'html', 'excel']"
50328713,ENGINEERING,19.41,"['python', 'c', 'sql', 'git', 'linux', 'machine learning', 'tensorflow', 'scikit-learn', 'pandas', 'matplotlib']"
20001721,INFORMATION-TECHNOLOGY,19.39,"['sql', 'linux', 'excel']"
13964744,BPO,18.79,"['java', 'sql', 'excel']"
51724595,CONSULTANT,18.79,"['java', 'sql', 'excel']"
13405733,INFORMATION-TECHNOLOGY,17.69,"['python', 'sql', 'excel']"
25397102,BUSINESS-DEVELOPMENT,17.69,"['python', 'sql', 'excel']"
15083600,CONSULTANT,17.69,"['python', 'sql', 'excel']"
81011612,DESIGNER,17.01,"['sql', 'html']"
34317538,DESIGNER,17.01,"['c', 'sql', 'html']"
36434348,INFORMATION-TECHNOLOGY,17.01,"['c', 'sql', 'html']"
90867631,INFORMATION-TECHNOLOGY,17.01,"['c', 'sql', 'html']"
29975124,INFORMATION-TECHNOLOGY,17.01,"['c', 'sql', 'html']"
31169070,CONSULTANT,17.01,"['c', 'sql', 'html']"
11957080,INFORMATION-TECHNOLOGY,16.3,"['sql', 'html', 'linux', 'excel']"
20024870,INFORMATION-TECHNOLOGY,15.94,"['java', 'c', 'sql', 'html', 'excel']"
15651486,INFORMATION-TECHNOLOGY,15.91,"['sql', 'linux']"
18301617,INFORMATION-TECHNOLOGY,15.91,"['sql', 'linux']"
51639418,INFORMATION-TECHNOLOGY,15.91,"['sql', 'linux']"
18187364,INFORMATION-TECHNOLOGY,15.91,"['c', 'sql', 'linux']"
17111768,INFORMATION-TECHNOLOGY,15.91,"['sql', 'linux']"
51432451,CONSULTANT,15.91,"['sql', 'linux']"
14593060,CONSULTANT,15.91,"['sql', 'linux']"
18133495,PUBLIC-RELATIONS,15.91,"['sql', 'linux']"
60489316,BANKING,15.91,"['c', 'sql', 'linux']"
27419236,DIGITAL-MEDIA,15.9,"['sql', 'html', 'css', 'excel']"
11919526,DESIGNER,15.7,"['c', 'sql', 'html', 'javascript', 'excel']"
15281412,CONSULTANT,15.7,"['c', 'sql', 'html', 'javascript', 'excel']"
26456899,ENGINEERING,15.37,"['java', 'c', 'sql', 'linux', 'excel']"
59962788,HR,15.36,"['java', 'c', 'sql']"
65062795,CONSULTANT,15.36,"['java', 'sql']"
22488036,FITNESS,14.75,"['python', 'c', 'sql', 'linux', 'excel']"
22232367,AVIATION,14.75,"['python', 'sql', 'linux', 'excel']"
31243710,INFORMATION-TECHNOLOGY,14.72,"['c', 'sql', 'mysql', 'linux', 'excel']"
12374933,CONSULTANT,14.72,"['sql', 'mysql', 'linux', 'excel']"
10265057,INFORMATION-TECHNOLOGY,14.48,"['python', 'java', 'c', 'sql', 'excel']"
20566550,ENGINEERING,14.37,"['python', 'c', 'sql']"
93349646,CONSULTANT,14.06,"['c', 'sql', 'linux', 'aws', 'excel']"
21366189,CONSULTANT,14.06,"['c', 'sql', 'linux', 'aws', 'excel']"
33381211,INFORMATION-TECHNOLOGY,13.35,"['c', 'sql', 'aws']"
33176873,HR,13.34,['excel']
27018550,HR,13.34,['excel']
17812897,HR,13.34,['excel']
11592605,HR,13.34,['excel']
11847784,HR,13.34,['excel']
23155093,HR,13.34,['excel']
11763983,HR,13.34,['excel']
32977530,HR,13.34,['excel']
93002334,HR,13.34,['excel']
24184357,HR,13.34,['excel']
30163002,HR,13.34,['excel']
18827609,HR,13.34,['excel']
25676643,HR,13.34,['excel']
12786012,HR,13.34,['excel']
46258701,HR,13.34,['excel']
14225422,HR,13.34,['excel']
19717385,HR,13.34,['excel']
49937469,HR,13.34,['excel']
18316239,HR,13.34,['excel']
17855844,HR,13.34,['excel']
17422560,HR,13.34,['excel']
51769822,HR,13.34,['excel']
41523474,HR,13.34,"['c', 'excel']"
28419173,HR,13.34,['excel']
18155310,HR,13.34,['excel']
34554248,HR,13.34,['excel']
26202430,HR,13.34,['excel']
30646367,HR,13.34,['excel']
39650734,HR,13.34,['excel']
28828844,HR,13.34,['excel']
39081840,HR,13.34,"['c', 'excel']"
20925036,HR,13.34,['excel']
29564653,HR,13.34,['excel']
14886205,HR,13.34,['excel']
17412079,HR,13.34,['excel']
14640322,HR,13.34,['excel']
23408537,HR,13.34,"['c', 'excel']"
28808263,HR,13.34,['excel']
18084150,HR,13.34,['excel']
44476983,HR,13.34,['excel']
29091445,HR,13.34,['excel']
25724495,HR,13.34,['excel']
24508725,HR,13.34,['excel']
11698189,HR,13.34,['excel']
27165830,HR,13.34,['excel']
34740556,HR,13.34,['excel']
18557164,HR,13.34,['excel']
19179079,HR,13.34,['excel']
13376919,HR,13.34,['excel']
26048718,HR,13.34,['excel']
23510685,HR,13.34,['excel']
20806155,HR,13.34,['excel']
15575117,HR,13.34,['excel']
27496514,HR,13.34,['excel']
14256329,HR,13.34,['excel']
19336728,HR,13.34,['excel']
10399912,HR,13.34,['excel']
20417897,HR,13.34,['excel']
18731098,HR,13.34,['excel']
30563572,HR,13.34,['excel']
24402267,HR,13.34,['excel']
27847081,HR,13.34,['excel']
76010167,DESIGNER,13.34,['excel']
19164410,DESIGNER,13.34,['excel']
27529455,DESIGNER,13.34,['excel']
67582956,DESIGNER,13.34,"['c', 'excel']"
26924514,DESIGNER,13.34,['excel']
12674307,DESIGNER,13.34,['excel']
23951429,DESIGNER,13.34,['excel']
17555081,DESIGNER,13.34,['excel']
11155153,DESIGNER,13.34,['excel']
11958994,DESIGNER,13.34,['excel']
51681660,DESIGNER,13.34,['excel']
18979238,DESIGNER,13.34,['excel']
20390397,DESIGNER,13.34,['excel']
17199951,DESIGNER,13.34,['excel']
24455357,DESIGNER,13.34,"['c', 'excel']"
18460045,DESIGNER,13.34,['excel']
20986595,DESIGNER,13.34,['excel']
32532982,DESIGNER,13.34,['excel']
12547982,DESIGNER,13.34,['excel']
27497542,DESIGNER,13.34,"['c', 'excel']"
26503829,DESIGNER,13.34,['excel']
15425154,DESIGNER,13.34,"['c', 'excel']"
29865476,DESIGNER,13.34,['excel']
51018476,DESIGNER,13.34,['excel']
44145704,DESIGNER,13.34,['excel']
93301686,DESIGNER,13.34,['excel']
33241454,INFORMATION-TECHNOLOGY,13.34,['excel']
26801767,INFORMATION-TECHNOLOGY,13.34,"['c', 'excel']"
27372171,INFORMATION-TECHNOLOGY,13.34,['excel']
91697974,INFORMATION-TECHNOLOGY,13.34,['excel']
68460556,INFORMATION-TECHNOLOGY,13.34,['excel']
25905275,INFORMATION-TECHNOLOGY,13.34,['excel']
52618188,INFORMATION-TECHNOLOGY,13.34,['excel']
91121135,INFORMATION-TECHNOLOGY,13.34,['excel']
24230851,INFORMATION-TECHNOLOGY,13.34,['excel']
27058381,INFORMATION-TECHNOLOGY,13.34,"['c', 'excel']"
25857360,INFORMATION-TECHNOLOGY,13.34,['excel']
15297298,INFORMATION-TECHNOLOGY,13.34,['excel']
48037995,INFORMATION-TECHNOLOGY,13.34,['excel']
12467531,TEACHER,13.34,['excel']
19464810,TEACHER,13.34,['excel']
13855004,TEACHER,13.34,['excel']
63391085,TEACHER,13.34,['excel']
22807104,TEACHER,13.34,['excel']
22510753,TEACHER,13.34,['excel']
36206485,TEACHER,13.34,['excel']
28013287,TEACHER,13.34,['excel']
45286020,TEACHER,13.34,['excel']
22551979,TEACHER,13.34,['excel']
49285644,TEACHER,13.34,['excel']
27531694,TEACHER,13.34,['excel']
23398843,TEACHER,13.34,['excel']
66683238,TEACHER,13.34,['excel']
17311685,TEACHER,13.34,['excel']
22884757,TEACHER,13.34,['excel']
10527994,TEACHER,13.34,['excel']
11336022,TEACHER,13.34,['excel']
34033933,TEACHER,13.34,['excel']
20626794,TEACHER,13.34,"['c', 'excel']"
29930479,TEACHER,13.34,['excel']
86597425,TEACHER,13.34,['excel']
19786924,TEACHER,13.34,['excel']
25729119,TEACHER,13.34,['excel']
58105060,TEACHER,13.34,['excel']
22968380,TEACHER,13.34,['excel']
24240349,TEACHER,13.34,['excel']
35474904,ADVOCATE,13.34,['excel']
11188218,ADVOCATE,13.34,['excel']
73448369,ADVOCATE,13.34,"['c', 'excel']"
42164460,ADVOCATE,13.34,['excel']
18725071,ADVOCATE,13.34,['excel']
28974459,ADVOCATE,13.34,['excel']
38291889,ADVOCATE,13.34,['excel']
49486820,ADVOCATE,13.34,['excel']
16332348,ADVOCATE,13.34,['excel']
14064815,ADVOCATE,13.34,['excel']
20138606,ADVOCATE,13.34,['excel']
36694627,ADVOCATE,13.34,"['c', 'excel']"
29926588,ADVOCATE,13.34,['excel']
24588864,ADVOCATE,13.34,['excel']
74126637,ADVOCATE,13.34,['excel']
10186968,ADVOCATE,13.34,['excel']
23427369,ADVOCATE,13.34,['excel']
18997135,ADVOCATE,13.34,['excel']
11773767,ADVOCATE,13.34,['excel']
78538268,ADVOCATE,13.34,['excel']
13909762,ADVOCATE,13.34,"['c', 'excel']"
20604208,ADVOCATE,13.34,['excel']
22259475,ADVOCATE,13.34,['excel']
37560528,ADVOCATE,13.34,['excel']
36392131,ADVOCATE,13.34,['excel']
21614256,ADVOCATE,13.34,['excel']
95970987,ADVOCATE,13.34,['excel']
17021141,ADVOCATE,13.34,['excel']
15727656,ADVOCATE,13.34,['excel']
31242382,ADVOCATE,13.34,['excel']
13072354,ADVOCATE,13.34,['excel']
17847636,ADVOCATE,13.34,['excel']
24124250,ADVOCATE,13.34,['excel']
37640804,ADVOCATE,13.34,['excel']
47133747,ADVOCATE,13.34,['excel']
13342150,ADVOCATE,13.34,['excel']
13115648,ADVOCATE,13.34,['excel']
38059130,ADVOCATE,13.34,['excel']
38698573,ADVOCATE,13.34,['excel']
18090899,ADVOCATE,13.34,['excel']
29177904,ADVOCATE,13.34,"['c', 'excel']"
19926135,ADVOCATE,13.34,['excel']
19234823,ADVOCATE,13.34,['excel']
13809698,ADVOCATE,13.34,['excel']
17254634,ADVOCATE,13.34,['excel']
24946537,ADVOCATE,13.34,['excel']
28635795,ADVOCATE,13.34,['excel']
17165107,ADVOCATE,13.34,['excel']
26581830,BUSINESS-DEVELOPMENT,13.34,['excel']
10228751,BUSINESS-DEVELOPMENT,13.34,['excel']
18757174,BUSINESS-DEVELOPMENT,13.34,['excel']
14726000,BUSINESS-DEVELOPMENT,13.34,['excel']
90629382,BUSINESS-DEVELOPMENT,13.34,['excel']
34797369,BUSINESS-DEVELOPMENT,13.34,['excel']
20357858,BUSINESS-DEVELOPMENT,13.34,['excel']
37391947,BUSINESS-DEVELOPMENT,13.34,['excel']
77576845,BUSINESS-DEVELOPMENT,13.34,['excel']
26278597,BUSINESS-DEVELOPMENT,13.34,"['c', 'excel']"
11088337,BUSINESS-DEVELOPMENT,13.34,['excel']
12814706,BUSINESS-DEVELOPMENT,13.34,['excel']
15233524,BUSINESS-DEVELOPMENT,13.34,['excel']
13888506,BUSINESS-DEVELOPMENT,13.34,"['c', 'excel']"
79759716,BUSINESS-DEVELOPMENT,13.34,['excel']
10541358,BUSINESS-DEVELOPMENT,13.34,['excel']
14287992,BUSINESS-DEVELOPMENT,13.34,['excel']
17115815,BUSINESS-DEVELOPMENT,13.34,"['c', 'excel']"
20317319,BUSINESS-DEVELOPMENT,13.34,['excel']
24412546,BUSINESS-DEVELOPMENT,13.34,['excel']
29014805,BUSINESS-DEVELOPMENT,13.34,"['c', 'excel']"
89197180,BUSINESS-DEVELOPMENT,13.34,['excel']
12230301,BUSINESS-DEVELOPMENT,13.34,"['c', 'excel']"
25813953,BUSINESS-DEVELOPMENT,13.34,['excel']
17421910,BUSINESS-DEVELOPMENT,13.34,['excel']
14752209,BUSINESS-DEVELOPMENT,13.34,['excel']
14055971,BUSINESS-DEVELOPMENT,13.34,['excel']
23138078,HEALTHCARE,13.34,['excel']
51777546,HEALTHCARE,13.34,"['c', 'excel']"
93988900,HEALTHCARE,13.34,['excel']
41910253,HEALTHCARE,13.34,['excel']
11378657,HEALTHCARE,13.34,['excel']
54934269,HEALTHCARE,13.34,['excel']
27030979,HEALTHCARE,13.34,['excel']
22008817,HEALTHCARE,13.34,['excel']
87520378,HEALTHCARE,13.34,['excel']
58879993,HEALTHCARE,13.34,['excel']
64471954,HEALTHCARE,13.34,['excel']
75297735,HEALTHCARE,13.34,['excel']
10062724,HEALTHCARE,13.34,['excel']
43994605,HEALTHCARE,13.34,['excel']
23814777,HEALTHCARE,13.34,['excel']
16121387,HEALTHCARE,13.34,['excel']
10076271,HEALTHCARE,13.34,['excel']
95011061,HEALTHCARE,13.34,['excel']
75744306,HEALTHCARE,13.34,['excel']
14062078,HEALTHCARE,13.34,['excel']
32219038,HEALTHCARE,13.34,['excel']
10251432,HEALTHCARE,13.34,"['c', 'excel']"
26958533,HEALTHCARE,13.34,['excel']
23110214,HEALTHCARE,13.34,['excel']
60624892,HEALTHCARE,13.34,['excel']
23918545,HEALTHCARE,13.34,['excel']
98309114,HEALTHCARE,13.34,['excel']
16702198,HEALTHCARE,13.34,"['c', 'excel']"
45907524,HEALTHCARE,13.34,['excel']
24548333,HEALTHCARE,13.34,['excel']
20736486,HEALTHCARE,13.34,['excel']
12938200,HEALTHCARE,13.34,['excel']
31926950,HEALTHCARE,13.34,['excel']
25974844,HEALTHCARE,13.34,['excel']
26695839,HEALTHCARE,13.34,['excel']
10568183,HEALTHCARE,13.34,['excel']
34594746,HEALTHCARE,13.34,['excel']
18484846,HEALTHCARE,13.34,['excel']
36868767,HEALTHCARE,13.34,"['c', 'excel']"
24444525,FITNESS,13.34,['excel']
10268614,FITNESS,13.34,['excel']
29792535,FITNESS,13.34,['excel']
23063986,FITNESS,13.34,['excel']
38650096,FITNESS,13.34,['excel']
10235429,FITNESS,13.34,['excel']
97123005,FITNESS,13.34,['excel']
20565486,FITNESS,13.34,['excel']
19599699,FITNESS,13.34,['excel']
15293959,FITNESS,13.34,['excel']
30990885,FITNESS,13.34,"['c', 'excel']"
17431847,FITNESS,13.34,['excel']
11332602,FITNESS,13.34,"['c', 'excel']"
22093368,FITNESS,13.34,['excel']
28172023,FITNESS,13.34,['excel']
25507648,FITNESS,13.34,"['c', 'excel']"
16474898,FITNESS,13.34,['excel']
26459032,FITNESS,13.34,['excel']
21238396,FITNESS,13.34,['excel']
77266989,FITNESS,13.34,['excel']
59487170,FITNESS,13.34,['excel']
24219583,FITNESS,13.34,['excel']
27397245,FITNESS,13.34,['excel']
37087824,FITNESS,13.34,['excel']
19975121,FITNESS,13.34,['excel']
12695799,FITNESS,13.34,['excel']
16605352,FITNESS,13.34,['excel']
35164503,FITNESS,13.34,"['c', 'excel']"
14107571,FITNESS,13.34,['excel']
23477199,FITNESS,13.34,['excel']
90365216,FITNESS,13.34,['excel']
54246169,AGRICULTURE,13.34,"['c', 'excel']"
21134923,AGRICULTURE,13.34,"['c', 'excel']"
84512719,AGRICULTURE,13.34,['excel']
55500538,AGRICULTURE,13.34,['excel']
15053703,AGRICULTURE,13.34,['excel']
30437583,AGRICULTURE,13.34,['excel']
17312146,AGRICULTURE,13.34,['excel']
29746235,AGRICULTURE,13.34,['excel']
19851252,AGRICULTURE,13.34,['excel']
23631188,AGRICULTURE,13.34,['excel']
24001783,AGRICULTURE,13.34,['excel']
24397882,AGRICULTURE,13.34,['excel']
16172429,AGRICULTURE,13.34,"['c', 'excel']"
81042872,AGRICULTURE,13.34,"['c', 'excel']"
34141299,AGRICULTURE,13.34,['excel']
89740812,AGRICULTURE,13.34,['excel']
29510501,AGRICULTURE,13.34,['excel']
17640785,AGRICULTURE,13.34,['excel']
29968330,AGRICULTURE,13.34,"['c', 'excel']"
56068028,AGRICULTURE,13.34,['excel']
16507693,AGRICULTURE,13.34,['excel']
26921245,AGRICULTURE,13.34,['excel']
69360287,AGRICULTURE,13.34,['excel']
16661264,AGRICULTURE,13.34,['excel']
29142288,AGRICULTURE,13.34,['excel']
79536879,AGRICULTURE,13.34,['excel']
16492045,BPO,13.34,['excel']
24727739,BPO,13.34,['excel']
69097572,BPO,13.34,['excel']
38707449,BPO,13.34,['excel']
26829350,BPO,13.34,['excel']
19362586,BPO,13.34,['excel']
45077654,BPO,13.34,['excel']
87118391,SALES,13.34,['excel']
27607632,SALES,13.34,['excel']
18062906,SALES,13.34,['excel']
19473948,SALES,13.34,['excel']
71772815,SALES,13.34,['excel']
18328743,SALES,13.34,['excel']
37540732,SALES,13.34,['excel']
36904300,SALES,13.34,['excel']
10724818,SALES,13.34,['excel']
55477468,SALES,13.34,['excel']
15973307,SALES,13.34,['excel']
22319662,SALES,13.34,['excel']
51349448,SALES,13.34,['excel']
36621169,SALES,13.34,['excel']
33236701,SALES,13.34,['excel']
29211919,SALES,13.34,['excel']
42304307,SALES,13.34,['excel']
12820557,SALES,13.34,['excel']
23929500,SALES,13.34,['excel']
18171955,SALES,13.34,['excel']
17704246,SALES,13.34,['excel']
36970996,SALES,13.34,['excel']
13637605,SALES,13.34,['excel']
55097118,SALES,13.34,['excel']
38087844,SALES,13.34,['excel']
18885231,SALES,13.34,['excel']
15620421,SALES,13.34,['excel']
29928796,SALES,13.34,['excel']
18079050,CONSULTANT,13.34,['excel']
39308779,CONSULTANT,13.34,['excel']
22259768,CONSULTANT,13.34,['excel']
69181350,CONSULTANT,13.34,['excel']
18856440,CONSULTANT,13.34,['excel']
15699744,CONSULTANT,13.34,['excel']
38165833,CONSULTANT,13.34,['excel']
29723311,CONSULTANT,13.34,"['c', 'excel']"
22485475,CONSULTANT,13.34,['excel']
22556198,CONSULTANT,13.34,['excel']
99714410,CONSULTANT,13.34,['excel']
17025292,CONSULTANT,13.34,['excel']
23302948,CONSULTANT,13.34,"['c', 'excel']"
21512769,CONSULTANT,13.34,['excel']
27726066,CONSULTANT,13.34,['excel']
12526702,CONSULTANT,13.34,"['c', 'excel']"
27788376,CONSULTANT,13.34,['excel']
12251115,CONSULTANT,13.34,['excel']
13215696,CONSULTANT,13.34,['excel']
29297393,CONSULTANT,13.34,['excel']
22571461,CONSULTANT,13.34,"['c', 'excel']"
80527194,CONSULTANT,13.34,['excel']
49777184,CONSULTANT,13.34,['excel']
26234972,CONSULTANT,13.34,['excel']
29076405,CONSULTANT,13.34,['excel']
13328680,DIGITAL-MEDIA,13.34,['excel']
15226699,DIGITAL-MEDIA,13.34,"['c', 'excel']"
25723793,DIGITAL-MEDIA,13.34,['excel']
18900722,DIGITAL-MEDIA,13.34,['excel']
28109594,DIGITAL-MEDIA,13.34,['excel']
31929166,DIGITAL-MEDIA,13.34,['excel']
14209965,DIGITAL-MEDIA,13.34,['excel']
30999638,DIGITAL-MEDIA,13.34,['excel']
13503650,DIGITAL-MEDIA,13.34,"['c', 'excel']"
73282756,DIGITAL-MEDIA,13.34,"['c', 'excel']"
18905648,DIGITAL-MEDIA,13.34,['excel']
19053815,DIGITAL-MEDIA,13.34,['excel']
59011090,DIGITAL-MEDIA,13.34,['excel']
22380187,DIGITAL-MEDIA,13.34,['excel']
21125113,DIGITAL-MEDIA,13.34,['excel']
25706337,DIGITAL-MEDIA,13.34,['excel']
30864828,DIGITAL-MEDIA,13.34,['excel']
14556869,DIGITAL-MEDIA,13.34,"['c', 'excel']"
20210676,DIGITAL-MEDIA,13.34,['excel']
17432318,DIGITAL-MEDIA,13.34,['excel']
32109048,AUTOMOBILE,13.34,"['c', 'excel']"
17510973,AUTOMOBILE,13.34,['excel']
84295343,AUTOMOBILE,13.34,['excel']
78357954,AUTOMOBILE,13.34,['excel']
24703983,AUTOMOBILE,13.34,"['c', 'excel']"
47487091,AUTOMOBILE,13.34,['excel']
11887930,AUTOMOBILE,13.34,['excel']
14508237,AUTOMOBILE,13.34,['excel']
15484011,AUTOMOBILE,13.34,['excel']
18932512,AUTOMOBILE,13.34,['excel']
25047127,AUTOMOBILE,13.34,['excel']
23591247,CHEF,13.34,['excel']
19831366,CHEF,13.34,['excel']
13411858,CHEF,13.34,['excel']
25924968,CHEF,13.34,['excel']
34252537,CHEF,13.34,['excel']
81373857,CHEF,13.34,['excel']
92985983,CHEF,13.34,['excel']
23841877,CHEF,13.34,['excel']
23032276,CHEF,13.34,['excel']
32605413,CHEF,13.34,['excel']
27909372,CHEF,13.34,['excel']
11444536,CHEF,13.34,['excel']
23185829,CHEF,13.34,['excel']
21869994,CHEF,13.34,['excel']
47317494,CHEF,13.34,['excel']
28092317,CHEF,13.34,['excel']
21101152,CHEF,13.34,['excel']
20817322,CHEF,13.34,['excel']
51554903,CHEF,13.34,['excel']
14569498,CHEF,13.34,['excel']
12420359,CHEF,13.34,['excel']
11209758,CHEF,13.34,['excel']
23807940,CHEF,13.34,['excel']
21334981,CHEF,13.34,['excel']
35157762,CHEF,13.34,['excel']
36366044,CHEF,13.34,['excel']
29990140,CHEF,13.34,"['c', 'excel']"
19951766,CHEF,13.34,['excel']
20033302,CHEF,13.34,['excel']
31547476,CHEF,13.34,['excel']
11432686,CHEF,13.34,['excel']
15354126,CHEF,13.34,['excel']
12155206,CHEF,13.34,['excel']
27298953,CHEF,13.34,['excel']
11877150,FINANCE,13.34,"['c', 'excel']"
26530575,FINANCE,13.34,['excel']
48285304,FINANCE,13.34,['excel']
27789372,FINANCE,13.34,['excel']
78229715,FINANCE,13.34,"['c', 'excel']"
22720697,FINANCE,13.34,['excel']
20705888,FINANCE,13.34,['excel']
28522529,FINANCE,13.34,['excel']
19147603,FINANCE,13.34,['excel']
84356308,FINANCE,13.34,['excel']
91564103,FINANCE,13.34,['excel']
19405513,FINANCE,13.34,['excel']
28396458,FINANCE,13.34,['excel']
27914096,FINANCE,13.34,['excel']
28398216,FINANCE,13.34,['excel']
37931076,FINANCE,13.34,['excel']
16426777,FINANCE,13.34,['excel']
26750846,FINANCE,13.34,['excel']
81677620,FINANCE,13.34,"['c', 'excel']"
14413148,FINANCE,13.34,['excel']
76454959,FINANCE,13.34,['excel']
74849878,FINANCE,13.34,['excel']
31948488,FINANCE,13.34,['excel']
18072085,FINANCE,13.34,"['c', 'excel']"
14408510,FINANCE,13.34,['excel']
12858898,FINANCE,13.34,['excel']
24670867,FINANCE,13.34,['excel']
27330027,FINANCE,13.34,['excel']
17880988,FINANCE,13.34,['excel']
84373843,FINANCE,13.34,['excel']
21912637,FINANCE,13.34,['excel']
23354541,FINANCE,13.34,['excel']
81217013,FINANCE,13.34,['excel']
39675895,FINANCE,13.34,['excel']
12071138,FINANCE,13.34,['excel']
25330083,FINANCE,13.34,['excel']
74512244,FINANCE,13.34,['excel']
25678238,FINANCE,13.34,['excel']
38907798,FINANCE,13.34,['excel']
29612672,FINANCE,13.34,"['c', 'excel']"
66741193,FINANCE,13.34,['excel']
38225199,FINANCE,13.34,"['c', 'excel']"
19243556,FINANCE,13.34,['excel']
39295103,FINANCE,13.34,['excel']
17392859,FINANCE,13.34,['excel']
20275356,FINANCE,13.34,['excel']
72136463,FINANCE,13.34,['excel']
15717923,FINANCE,13.34,['excel']
24833063,FINANCE,13.34,['excel']
59450123,FINANCE,13.34,['excel']
24611721,FINANCE,13.34,['excel']
15224503,FINANCE,13.34,['excel']
20918464,FINANCE,13.34,['excel']
22492537,FINANCE,13.34,"['c', 'excel']"
21807211,APPAREL,13.34,"['c', 'excel']"
71767359,APPAREL,13.34,['excel']
13386301,APPAREL,13.34,['excel']
13764840,APPAREL,13.34,['excel']
10182582,APPAREL,13.34,['excel']
12669075,APPAREL,13.34,['excel']
27549075,APPAREL,13.34,['excel']
20905088,APPAREL,13.34,['excel']
16723524,APPAREL,13.34,"['c', 'excel']"
14937492,APPAREL,13.34,['excel']
23719943,APPAREL,13.34,['excel']
58208591,APPAREL,13.34,['excel']
29640922,APPAREL,13.34,['excel']
12860543,APPAREL,13.34,['excel']
17714174,APPAREL,13.34,['excel']
30430249,APPAREL,13.34,['excel']
10876132,APPAREL,13.34,['excel']
23190306,APPAREL,13.34,['excel']
29028935,APPAREL,13.34,['excel']
78273826,APPAREL,13.34,['excel']
17659053,APPAREL,13.34,['excel']
91026230,APPAREL,13.34,['excel']
54308684,APPAREL,13.34,"['c', 'excel']"
41586420,APPAREL,13.34,"['c', 'excel']"
21570485,APPAREL,13.34,['excel']
52252936,APPAREL,13.34,['excel']
70750649,APPAREL,13.34,['excel']
43852883,APPAREL,13.34,"['c', 'excel']"
31761591,APPAREL,13.34,['excel']
31362807,APPAREL,13.34,['excel']
24516163,APPAREL,13.34,['excel']
16500168,APPAREL,13.34,['excel']
35985133,APPAREL,13.34,['excel']
10738095,APPAREL,13.34,"['c', 'excel']"
36094883,APPAREL,13.34,['excel']
56025640,APPAREL,13.34,"['c', 'excel']"
14206561,ENGINEERING,13.34,['excel']
44624796,ENGINEERING,13.34,['excel']
27756469,ENGINEERING,13.34,['excel']
74236636,ENGINEERING,13.34,['excel']
38535335,ENGINEERING,13.34,['excel']
25608963,ENGINEERING,13.34,"['c', 'excel']"
81125166,ENGINEERING,13.34,['excel']
25797445,ENGINEERING,13.34,['excel']
27040860,ENGINEERING,13.34,['excel']
17926546,ENGINEERING,13.34,['excel']
20882041,ENGINEERING,13.34,['excel']
28628090,ENGINEERING,13.34,['excel']
19612167,ENGINEERING,13.34,['excel']
21298336,ENGINEERING,13.34,['excel']
31684925,ENGINEERING,13.34,['excel']
55595908,ENGINEERING,13.34,"['c', 'excel']"
23438227,ENGINEERING,13.34,"['c', 'excel']"
16911115,ENGINEERING,13.34,['excel']
19124258,ENGINEERING,13.34,['excel']
21847415,ENGINEERING,13.34,['excel']
36149549,ENGINEERING,13.34,"['c', 'excel']"
36517781,ENGINEERING,13.34,['excel']
22605864,ENGINEERING,13.34,['excel']
17108676,ENGINEERING,13.34,['excel']
23497307,ENGINEERING,13.34,['excel']
19553067,ENGINEERING,13.34,['excel']
47276718,ENGINEERING,13.34,"['c', 'excel']"
32802563,ENGINEERING,13.34,['excel']
77828437,ENGINEERING,13.34,['excel']
15906625,ACCOUNTANT,13.34,['excel']
25749150,ACCOUNTANT,13.34,['excel']
33527446,ACCOUNTANT,13.34,['excel']
37997506,ACCOUNTANT,13.34,['excel']
37370455,ACCOUNTANT,13.34,['excel']
31602598,ACCOUNTANT,13.34,['excel']
19545827,ACCOUNTANT,13.34,['excel']
14470533,ACCOUNTANT,13.34,['excel']
43685045,ACCOUNTANT,13.34,['excel']
14224370,ACCOUNTANT,13.34,['excel']
21794875,ACCOUNTANT,13.34,"['c', 'excel']"
23734441,ACCOUNTANT,13.34,['excel']
42487883,ACCOUNTANT,13.34,['excel']
23636277,ACCOUNTANT,13.34,['excel']
21338490,ACCOUNTANT,13.34,['excel']
14491649,ACCOUNTANT,13.34,['excel']
78403342,ACCOUNTANT,13.34,['excel']
20393721,ACCOUNTANT,13.34,['excel']
24817041,ACCOUNTANT,13.34,"['c', 'excel']"
27980446,ACCOUNTANT,13.34,['excel']
29456173,ACCOUNTANT,13.34,['excel']
59403481,ACCOUNTANT,13.34,['excel']
13491889,ACCOUNTANT,13.34,['excel']
25846894,ACCOUNTANT,13.34,['excel']
11163645,ACCOUNTANT,13.34,['excel']
23513618,ACCOUNTANT,13.34,['excel']
75286906,ACCOUNTANT,13.34,['excel']
20253563,ACCOUNTANT,13.34,['excel']
16237710,ACCOUNTANT,13.34,['excel']
13130984,ACCOUNTANT,13.34,['excel']
25067742,ACCOUNTANT,13.34,['excel']
15363277,ACCOUNTANT,13.34,['excel']
21763056,ACCOUNTANT,13.34,['excel']
17556527,ACCOUNTANT,13.34,"['c', 'excel']"
28939941,ACCOUNTANT,13.34,['excel']
20345168,ACCOUNTANT,13.34,['excel']
14496667,ACCOUNTANT,13.34,['excel']
23246831,ACCOUNTANT,13.34,['excel']
49204385,ACCOUNTANT,13.34,['excel']
12802330,ACCOUNTANT,13.34,['excel']
22925443,ACCOUNTANT,13.34,['excel']
28614791,ACCOUNTANT,13.34,['excel']
30304575,ACCOUNTANT,13.34,['excel']
26065877,ACCOUNTANT,13.34,['excel']
29821051,ACCOUNTANT,13.34,['excel']
29999135,ACCOUNTANT,13.34,['excel']
25547145,ACCOUNTANT,13.34,['excel']
49997097,ACCOUNTANT,13.34,['excel']
27558837,ACCOUNTANT,13.34,['excel']
14126433,ACCOUNTANT,13.34,['excel']
23416654,ACCOUNTANT,13.34,['excel']
27573855,ACCOUNTANT,13.34,['excel']
15592167,ACCOUNTANT,13.34,['excel']
10674770,ACCOUNTANT,13.34,['excel']
24294778,ACCOUNTANT,13.34,['excel']
11759079,ACCOUNTANT,13.34,['excel']
18669563,ACCOUNTANT,13.34,['excel']
18569929,ACCOUNTANT,13.34,['excel']
80053367,ACCOUNTANT,13.34,['excel']
25867805,ACCOUNTANT,13.34,['excel']
13701259,ACCOUNTANT,13.34,['excel']
12202337,ACCOUNTANT,13.34,"['c', 'excel']"
19446337,ACCOUNTANT,13.34,['excel']
15289348,ACCOUNTANT,13.34,['excel']
28969385,ACCOUNTANT,13.34,['excel']
36425270,ACCOUNTANT,13.34,['excel']
98559931,ACCOUNTANT,13.34,"['c', 'excel']"
17306905,ACCOUNTANT,13.34,"['c', 'excel']"
12780508,ACCOUNTANT,13.34,['excel']
26975573,ACCOUNTANT,13.34,['excel']
28298773,ACCOUNTANT,13.34,['excel']
34816637,ACCOUNTANT,13.34,['excel']
24103168,ACCOUNTANT,13.34,['excel']
36024962,ACCOUNTANT,13.34,['excel']
18635654,ACCOUNTANT,13.34,['excel']
50222417,ACCOUNTANT,13.34,['excel']
23387174,ACCOUNTANT,13.34,['excel']
82649935,ACCOUNTANT,13.34,['excel']
99433371,CONSTRUCTION,13.34,['excel']
10734870,CONSTRUCTION,13.34,['excel']
26509539,CONSTRUCTION,13.34,['excel']
36331163,CONSTRUCTION,13.34,['excel']
29574501,CONSTRUCTION,13.34,['excel']
16203589,CONSTRUCTION,13.34,['excel']
63145386,CONSTRUCTION,13.34,['excel']
13907230,CONSTRUCTION,13.34,['excel']
21586858,CONSTRUCTION,13.34,['excel']
19471144,CONSTRUCTION,13.34,['excel']
24740005,CONSTRUCTION,13.34,['excel']
14585273,CONSTRUCTION,13.34,['excel']
51638201,CONSTRUCTION,13.34,['excel']
29193505,CONSTRUCTION,13.34,['excel']
12890045,CONSTRUCTION,13.34,['excel']
29894080,CONSTRUCTION,13.34,"['c', 'excel']"
21782152,CONSTRUCTION,13.34,['excel']
16626724,CONSTRUCTION,13.34,['excel']
28803888,CONSTRUCTION,13.34,['excel']
25187733,CONSTRUCTION,13.34,"['c', 'excel']"
88859947,CONSTRUCTION,13.34,['excel']
19364677,CONSTRUCTION,13.34,['excel']
31850269,CONSTRUCTION,13.34,['excel']
27243670,CONSTRUCTION,13.34,['excel']
49685006,CONSTRUCTION,13.34,['excel']
18882984,CONSTRUCTION,13.34,['excel']
34544955,CONSTRUCTION,13.34,['excel']
93436805,CONSTRUCTION,13.34,"['c', 'excel']"
39908485,CONSTRUCTION,13.34,['excel']
39566718,CONSTRUCTION,13.34,['excel']
12666174,CONSTRUCTION,13.34,['excel']
12693146,CONSTRUCTION,13.34,['excel']
23818675,CONSTRUCTION,13.34,['excel']
24361598,CONSTRUCTION,13.34,['excel']
20681037,CONSTRUCTION,13.34,['excel']
16924279,CONSTRUCTION,13.34,"['c', 'excel']"
33023370,CONSTRUCTION,13.34,['excel']
32773331,CONSTRUCTION,13.34,['excel']
28949406,CONSTRUCTION,13.34,"['c', 'excel']"
30397268,CONSTRUCTION,13.34,['excel']
31392754,PUBLIC-RELATIONS,13.34,['excel']
25070914,PUBLIC-RELATIONS,13.34,['excel']
37913536,PUBLIC-RELATIONS,13.34,['excel']
28831442,PUBLIC-RELATIONS,13.34,"['c', 'excel']"
10070224,PUBLIC-RELATIONS,13.34,['excel']
91197243,PUBLIC-RELATIONS,13.34,['excel']
18436190,PUBLIC-RELATIONS,13.34,['excel']
27000192,PUBLIC-RELATIONS,13.34,['excel']
27257013,PUBLIC-RELATIONS,13.34,['excel']
22560013,PUBLIC-RELATIONS,13.34,['excel']
14364597,PUBLIC-RELATIONS,13.34,['excel']
11850315,PUBLIC-RELATIONS,13.34,['excel']
21297828,PUBLIC-RELATIONS,13.34,['excel']
30642458,PUBLIC-RELATIONS,13.34,['excel']
19503224,PUBLIC-RELATIONS,13.34,"['c', 'excel']"
10554045,PUBLIC-RELATIONS,13.34,['excel']
12567516,PUBLIC-RELATIONS,13.34,['excel']
21478007,PUBLIC-RELATIONS,13.34,['excel']
14667659,PUBLIC-RELATIONS,13.34,['excel']
85766635,PUBLIC-RELATIONS,13.34,['excel']
38056161,PUBLIC-RELATIONS,13.34,['excel']
31211074,PUBLIC-RELATIONS,13.34,['excel']
53701275,PUBLIC-RELATIONS,13.34,['excel']
22455205,PUBLIC-RELATIONS,13.34,['excel']
20966771,PUBLIC-RELATIONS,13.34,['excel']
21321598,PUBLIC-RELATIONS,13.34,['excel']
16103783,PUBLIC-RELATIONS,13.34,['excel']
13129275,PUBLIC-RELATIONS,13.34,['excel']
20470943,PUBLIC-RELATIONS,13.34,['excel']
34712719,PUBLIC-RELATIONS,13.34,['excel']
14910300,PUBLIC-RELATIONS,13.34,['excel']
21386255,PUBLIC-RELATIONS,13.34,['excel']
88651471,PUBLIC-RELATIONS,13.34,['excel']
22861181,PUBLIC-RELATIONS,13.34,['excel']
13915715,PUBLIC-RELATIONS,13.34,['excel']
13727873,PUBLIC-RELATIONS,13.34,['excel']
93828034,PUBLIC-RELATIONS,13.34,['excel']
33072201,PUBLIC-RELATIONS,13.34,['excel']
42332765,PUBLIC-RELATIONS,13.34,"['c', 'excel']"
10926726,PUBLIC-RELATIONS,13.34,['excel']
10873344,PUBLIC-RELATIONS,13.34,['excel']
41590605,PUBLIC-RELATIONS,13.34,['excel']
17189156,BANKING,13.34,['excel']
19920687,BANKING,13.34,['excel']
26579709,BANKING,13.34,['excel']
69243180,BANKING,13.34,['excel']
26987539,BANKING,13.34,['excel']
17276884,BANKING,13.34,['excel']
22615491,BANKING,13.34,['excel']
45167858,BANKING,13.34,['excel']
3547447,BANKING,13.34,"['c', 'excel']"
98965485,BANKING,13.34,['excel']
38897568,BANKING,13.34,['excel']
19149865,BANKING,13.34,"['c', 'excel']"
15856762,BANKING,13.34,"['c', 'excel']"
18208580,BANKING,13.34,"['c', 'excel']"
87867370,BANKING,13.34,['excel']
89049979,BANKING,13.34,['excel']
30713796,BANKING,13.34,['excel']
11065180,BANKING,13.34,['excel']
11637468,BANKING,13.34,"['c', 'excel']"
54421668,BANKING,13.34,['excel']
21645690,BANKING,13.34,['excel']
25780596,BANKING,13.34,['excel']
34185495,BANKING,13.34,['excel']
19374660,BANKING,13.34,['excel']
23323001,BANKING,13.34,['excel']
25080805,BANKING,13.34,"['c', 'excel']"
18172739,BANKING,13.34,['excel']
32980197,BANKING,13.34,['excel']
39569771,BANKING,13.34,['excel']
13173522,BANKING,13.34,['excel']
11262933,BANKING,13.34,['excel']
17818707,BANKING,13.34,['excel']
17213671,BANKING,13.34,['excel']
31025785,BANKING,13.34,['excel']
11773925,BANKING,13.34,['excel']
26673507,BANKING,13.34,['excel']
18824120,BANKING,13.34,['excel']
16300459,BANKING,13.34,"['c', 'excel']"
28895997,BANKING,13.34,['excel']
25162378,BANKING,13.34,['excel']
17131084,BANKING,13.34,['excel']
35564026,BANKING,13.34,['excel']
16407619,BANKING,13.34,['excel']
10329506,BANKING,13.34,['excel']
35492909,BANKING,13.34,"['c', 'excel']"
14391434,BANKING,13.34,['excel']
31710562,BANKING,13.34,['excel']
46055835,ARTS,13.34,['excel']
11555549,ARTS,13.34,['excel']
36379931,ARTS,13.34,['excel']
20488267,ARTS,13.34,['excel']
22593054,ARTS,13.34,['excel']
25561640,ARTS,13.34,['excel']
25923361,ARTS,13.34,['excel']
18106533,ARTS,13.34,['excel']
11995013,ARTS,13.34,['excel']
26079779,ARTS,13.34,['excel']
16244633,ARTS,13.34,['excel']
27024099,ARTS,13.34,['excel']
65352424,ARTS,13.34,['excel']
18586076,ARTS,13.34,['excel']
23917826,ARTS,13.34,['excel']
25157655,ARTS,13.34,['excel']
25926667,ARTS,13.34,['excel']
20356750,ARTS,13.34,['excel']
24061629,ARTS,13.34,['excel']
99033098,ARTS,13.34,['excel']
38115035,ARTS,13.34,['excel']
17857644,ARTS,13.34,['excel']
12334650,ARTS,13.34,['excel']
36019469,ARTS,13.34,['excel']
94230796,ARTS,13.34,['excel']
83206166,ARTS,13.34,['excel']
22182279,ARTS,13.34,['excel']
16833515,AVIATION,13.34,"['c', 'excel']"
11804712,AVIATION,13.34,['excel']
29221006,AVIATION,13.34,['excel']
32720816,AVIATION,13.34,"['c', 'excel']"
42546558,AVIATION,13.34,['excel']
87826037,AVIATION,13.34,"['c', 'excel']"
17483843,AVIATION,13.34,['excel']
26819872,AVIATION,13.34,['excel']
26888302,AVIATION,13.34,['excel']
13195436,AVIATION,13.34,"['c', 'excel']"
81588968,AVIATION,13.34,"['c', 'excel']"
94137171,AVIATION,13.34,['excel']
15618327,AVIATION,13.34,['excel']
20026169,AVIATION,13.34,"['c', 'excel']"
11137306,AVIATION,13.34,"['c', 'excel']"
19818707,AVIATION,13.34,['excel']
17274759,AVIATION,13.34,['excel']
19506295,AVIATION,13.34,"['c', 'excel']"
50775901,AVIATION,13.34,['excel']
24154692,AVIATION,13.34,"['c', 'excel']"
29161565,AVIATION,13.34,['excel']
15823995,AVIATION,13.34,['excel']
42427521,AVIATION,13.34,"['c', 'excel']"
38989376,AVIATION,13.34,['excel']
13405229,AVIATION,13.34,['excel']
25719936,AVIATION,13.34,"['c', 'excel']"
17983430,AVIATION,13.34,['excel']
16850314,AVIATION,13.34,['excel']
10189110,AVIATION,13.34,['excel']
30148777,AVIATION,13.34,['excel']
24544244,AVIATION,13.34,['excel']
19284293,AVIATION,13.34,['excel']
22442947,AVIATION,13.34,['excel']
27512470,AVIATION,13.34,['excel']
17694572,AVIATION,13.34,['excel']
38663892,AVIATION,13.34,['excel']
12239749,AVIATION,13.34,['excel']
28020046,AVIATION,13.34,['excel']
12043694,AVIATION,13.34,['excel']
24589765,AVIATION,13.34,['excel']
21190805,AVIATION,13.34,['excel']
37473139,AVIATION,13.34,['excel']
99124477,BANKING,13.33,"['java', 'c', 'sql', 'html', 'javascript', 'excel']"
16877897,HR,13.3,"['sql', 'html', 'css', 'javascript', 'excel']"
95429627,CONSULTANT,12.92,"['python', 'sql', 'html', 'javascript', 'excel']"
39413067,INFORMATION-TECHNOLOGY,12.84,"['java', 'c', 'sql', 'html']"
18297650,HR,12.34,"['java', 'c', 'sql', 'linux']"
51588273,ENGINEERING,11.91,"['java', 'c', 'sql', 'javascript']"
82246962,ENGINEERING,11.81,"['python', 'sql', 'linux']"
43378989,CONSULTANT,11.48,"['java', 'c', 'sql', 'mysql', 'html', 'javascript', 'excel']"
17823436,BANKING,10.91,"['java', 'c', 'sql', 'html', 'linux']"
21038022,ENGINEERING,10.71,"['java', 'c', 'sql', 'html', 'css']"
13575312,HEALTHCARE,10.61,"['java', 'c', 'sql', 'html', 'javascript']"
29196643,CONSULTANT,10.61,"['java', 'sql', 'mysql', 'html', 'css', 'linux', 'excel']"
27295996,INFORMATION-TECHNOLOGY,10.59,"['sql', 'linux', 'azure']"
12085736,DIGITAL-MEDIA,10.59,"['sql', 'html', 'css', 'javascript']"
70089206,INFORMATION-TECHNOLOGY,10.32,"['java', 'c', 'sql', 'javascript', 'linux']"
35990852,DESIGNER,10.25,"['c', 'sql', 'mysql', 'html', 'javascript']"
43311839,CONSULTANT,9.82,"['java', 'c', 'sql', 'html', 'css', 'javascript', 'github', 'excel']"
22946204,AUTOMOBILE,9.75,"['python', 'java', 'c', 'sql', 'machine learning', 'excel']"
11005406,DIGITAL-MEDIA,9.73,"['sql', 'aws', 'azure']"
29051656,INFORMATION-TECHNOLOGY,9.45,"['sql', 'mysql', 'linux', 'aws']"
26291616,CONSULTANT,9.45,"['sql', 'mysql', 'linux', 'aws']"
41152404,BPO,9.44,"['java', 'c', 'sql', 'html', 'javascript', 'linux']"
12472574,ENGINEERING,9.44,"['java', 'c', 'sql', 'html', 'javascript', 'linux']"
51508889,AUTOMOBILE,9.31,"['java', 'c', 'sql', 'html', 'css', 'javascript']"
30223363,INFORMATION-TECHNOLOGY,9.27,"['java', 'c', 'sql', 'mysql', 'html', 'linux']"
27152464,ENGINEERING,9.03,"['python', 'sql', 'git', 'linux']"
16186411,INFORMATION-TECHNOLOGY,9.0,"['java', 'c', 'sql', 'mysql', 'html', 'css', 'javascript', 'github', 'excel']"
26746496,INFORMATION-TECHNOLOGY,9.0,"['java', 'c', 'sql', 'mysql', 'html', 'css', 'javascript', 'github', 'excel']"
85101052,DESIGNER,8.92,"['java', 'c', 'sql', 'mysql', 'git']"
98300955,HEALTHCARE,8.49,"['java', 'c', 'sql', 'html', 'css', 'javascript', 'linux']"
39247950,BANKING,8.49,"['c', 'sql', 'html', 'css', 'javascript', 'azure']"
34953092,BANKING,8.34,"['python', 'c', 'sql', 'machine learning']"
24643412,CONSULTANT,8.31,"['java', 'c', 'sql', 'mysql', 'html', 'javascript', 'linux']"
28126340,INFORMATION-TECHNOLOGY,8.3,"['sql', 'mysql', 'html', 'css', 'javascript', 'linux']"
15602094,CONSULTANT,8.3,"['c', 'sql', 'mysql', 'html', 'css', 'javascript', 'linux']"
20674668,INFORMATION-TECHNOLOGY,8.23,"['python', 'java', 'c', 'sql', 'html', 'css', 'javascript']"
37242217,INFORMATION-TECHNOLOGY,8.09,"['java', 'c', 'sql', 'mysql', 'css', 'javascript', 'linux']"
12415691,DESIGNER,7.98,"['python', 'java', 'c', 'sql', 'mysql', 'css', 'linux']"
10089434,INFORMATION-TECHNOLOGY,7.91,"['java', 'c', 'sql', 'html', 'css', 'linux', 'azure']"
44115326,ADVOCATE,7.67,"['java', 'sql', 'react', 'linux', 'aws']"
12763627,INFORMATION-TECHNOLOGY,7.58,"['c', 'sql', 'mysql', 'html', 'css', 'javascript', 'github']"
39441617,CONSULTANT,7.51,"['python', 'c', 'sql', 'mysql', 'html', 'css', 'javascript', 'linux']"
12144825,AVIATION,7.36,"['python', 'c', 'sql', 'mysql', 'html', 'css', 'javascript', 'git', 'linux', 'docker', 'excel']"
23464505,AVIATION,7.05,"['java', 'c', 'sql', 'html', 'css', 'git', 'linux', 'aws']"
10624813,ENGINEERING,6.46,"['python', 'java', 'c', 'sql', 'html', 'css', 'javascript', 'github', 'aws']"
22506245,DESIGNER,6.03,"['html', 'excel']"
18198627,DESIGNER,6.03,"['html', 'excel']"
13014900,DESIGNER,6.03,"['html', 'excel']"
25990239,INFORMATION-TECHNOLOGY,6.03,"['html', 'excel']"
17641670,INFORMATION-TECHNOLOGY,6.03,"['html', 'excel']"
75950464,ADVOCATE,6.03,"['html', 'excel']"
11676151,AGRICULTURE,6.03,"['html', 'excel']"
14267489,SALES,6.03,"['c', 'html', 'excel']"
34303500,SALES,6.03,"['c', 'html', 'excel']"
11020140,CONSULTANT,6.03,"['c', 'html', 'excel']"
14517953,CONSULTANT,6.03,"['html', 'excel']"
26167298,CONSULTANT,6.03,"['html', 'excel']"
13837784,DIGITAL-MEDIA,6.03,"['html', 'excel']"
31162167,DIGITAL-MEDIA,6.03,"['html', 'excel']"
20969845,FINANCE,6.03,"['html', 'excel']"
59777056,FINANCE,6.03,"['html', 'excel']"
35603950,APPAREL,6.03,"['html', 'excel']"
19072267,PUBLIC-RELATIONS,6.03,"['c', 'html', 'excel']"
74552449,BANKING,6.03,"['html', 'excel']"
24580361,BANKING,6.03,"['html', 'excel']"
99561379,ARTS,6.03,"['html', 'excel']"
10176815,AVIATION,6.03,"['html', 'excel']"
21156767,CONSULTANT,5.97,"['python', 'java', 'c', 'sql', 'mysql', 'javascript', 'azure', 'machine learning']"
83816738,INFORMATION-TECHNOLOGY,5.64,"['java', 'c', 'sql', 'mysql', 'html', 'css', 'javascript', 'git', 'github', 'linux', 'aws']"
22450718,INFORMATION-TECHNOLOGY,5.47,"['linux', 'excel']"
24410405,ADVOCATE,5.47,"['linux', 'excel']"
29134721,SALES,5.47,"['linux', 'excel']"
28815362,CONSTRUCTION,5.47,"['linux', 'excel']"
27120528,BANKING,5.47,"['linux', 'excel']"
20427934,BUSINESS-DEVELOPMENT,5.21,"['java', 'excel']"
57364820,CONSULTANT,5.21,"['java', 'excel']"
58915642,DIGITAL-MEDIA,5.21,"['java', 'excel']"
19063156,ADVOCATE,4.74,"['mysql', 'excel']"
30288581,ENGINEERING,4.74,"['mysql', 'excel']"
10820510,CONSTRUCTION,4.33,"['aws', 'excel']"
26496059,DESIGNER,4.11,"['html', 'css', 'excel']"
26046064,DESIGNER,4.11,"['html', 'css', 'excel']"
21916744,DESIGNER,4.11,"['c', 'html', 'css', 'excel']"
21283733,DESIGNER,4.11,"['html', 'css', 'excel']"
18795567,DESIGNER,4.11,"['c', 'html', 'css', 'excel']"
27798860,TEACHER,4.11,"['html', 'css', 'excel']"
20748468,HEALTHCARE,4.11,"['html', 'css', 'excel']"
14413257,APPAREL,4.11,"['html', 'css', 'excel']"
50324968,APPAREL,4.11,"['html', 'css', 'excel']"
25718772,AVIATION,3.93,"['java', 'linux', 'excel']"
21297521,BANKING,3.92,"['java', 'c', 'sql', 'mysql', 'html', 'javascript', 'git', 'linux', 'docker', 'kubernetes', 'aws', 'azure', 'deep learning', 'nlp']"
12546838,BUSINESS-DEVELOPMENT,3.73,"['python', 'linux', 'excel']"
22890839,ENGINEERING,3.73,"['python', 'linux', 'excel']"
17043822,ENGINEERING,3.72,"['c', 'mysql', 'linux', 'excel']"
19396040,ENGINEERING,3.64,"['python', 'java', 'c', 'excel']"
29839396,BANKING,3.64,"['python', 'java', 'c', 'excel']"
24709432,CHEF,3.48,"['react', 'excel']"
16985289,APPAREL,3.48,"['react', 'excel']"
80679862,DIGITAL-MEDIA,3.33,"['html', 'github', 'excel']"
27981289,DIGITAL-MEDIA,3.28,"['html', 'css', 'javascript', 'excel']"
27921561,DIGITAL-MEDIA,3.28,"['html', 'css', 'javascript', 'excel']"
43720116,AVIATION,3.2,"['python', 'html', 'css', 'excel']"
28629430,ARTS,3.16,"['mysql', 'html', 'javascript', 'excel']"
54227873,ENGINEERING,2.83,"['python', 'java', 'c', 'html', 'linux', 'excel']"
26071861,ADVOCATE,2.8,"['python', 'html', 'javascript', 'linux', 'excel']"
16893572,DIGITAL-MEDIA,2.75,"['mysql', 'html', 'css', 'javascript', 'excel']"
35389360,ENGINEERING,2.52,"['java', 'mysql', 'html', 'css', 'linux', 'excel']"
33141415,CONSTRUCTION,2.48,"['java', 'c', 'mysql', 'html', 'css', 'javascript', 'excel']"
18442517,DIGITAL-MEDIA,2.28,"['mysql', 'html', 'css', 'javascript', 'git', 'excel']"
16852973,HR,0.0,[]
22323967,HR,0.0,[]
25824789,HR,0.0,[]
15375009,HR,0.0,[]
32896934,HR,0.0,[]
29149998,HR,0.0,[]
11480899,HR,0.0,[]
27490876,HR,0.0,[]
73077810,HR,0.0,[]
13879043,HR,0.0,[]
87968870,HR,0.0,[]
29297973,HR,0.0,[]
18334783,HR,0.0,[]
57667857,HR,0.0,[]
32947778,HR,0.0,[]
23914451,HR,0.0,[]
21265194,HR,0.0,[]
19616406,HR,0.0,[]
86184722,HR,0.0,[]
26780935,HR,0.0,['c']
19867922,HR,0.0,[]
91930382,HR,0.0,"['c', 'github']"
13520837,HR,0.0,['c']
18422164,HR,0.0,[]
30862904,HR,0.0,[]
52979663,HR,0.0,[]
21830565,HR,0.0,[]
27523575,HR,0.0,[]
15576950,HR,0.0,[]
16861758,HR,0.0,[]
93112113,HR,0.0,[]
15041689,HR,0.0,[]
80162314,HR,0.0,[]
20993320,HR,0.0,['c']
26289308,HR,0.0,[]
26671167,HR,0.0,[]
47470864,HR,0.0,[]
17150707,HR,0.0,[]
39970711,HR,0.0,[]
28640735,HR,0.0,[]
10694288,HR,0.0,[]
28175164,HR,0.0,[]
32308556,HR,0.0,[]
25150191,HR,0.0,[]
37058472,DESIGNER,0.0,[]
68240723,DESIGNER,0.0,[]
29147100,DESIGNER,0.0,['html']
25061645,DESIGNER,0.0,"['html', 'css']"
11722421,DESIGNER,0.0,[]
13774329,DESIGNER,0.0,[]
36269672,DESIGNER,0.0,[]
90066849,DESIGNER,0.0,[]
22567495,DESIGNER,0.0,[]
10751444,DESIGNER,0.0,"['python', 'c', 'linux']"
11807040,DESIGNER,0.0,[]
38565119,DESIGNER,0.0,[]
21705160,DESIGNER,0.0,[]
15936656,DESIGNER,0.0,[]
13557622,DESIGNER,0.0,[]
41506705,DESIGNER,0.0,['linux']
32954522,DESIGNER,0.0,[]
44185767,DESIGNER,0.0,['c']
14014749,DESIGNER,0.0,['c']
34349255,DESIGNER,0.0,[]
16288901,DESIGNER,0.0,[]
25422388,DESIGNER,0.0,"['html', 'css']"
22496394,DESIGNER,0.0,[]
38744475,DESIGNER,0.0,[]
26676567,DESIGNER,0.0,"['html', 'css', 'linux']"
14724186,DESIGNER,0.0,[]
10748989,DESIGNER,0.0,[]
28326441,DESIGNER,0.0,[]
78149576,DESIGNER,0.0,[]
39776400,DESIGNER,0.0,['aws']
37263609,DESIGNER,0.0,[]
13518263,DESIGNER,0.0,[]
54201930,DESIGNER,0.0,[]
10466583,DESIGNER,0.0,[]
26790545,DESIGNER,0.0,"['html', 'css']"
20932019,DESIGNER,0.0,[]
34657584,DESIGNER,0.0,['c']
15471999,DESIGNER,0.0,[]
26622051,DESIGNER,0.0,[]
22675694,DESIGNER,0.0,[]
25023614,DESIGNER,0.0,[]
14743911,DESIGNER,0.0,[]
91153752,DESIGNER,0.0,[]
14528265,DESIGNER,0.0,['aws']
20748926,DESIGNER,0.0,[]
19195747,DESIGNER,0.0,[]
94417768,DESIGNER,0.0,[]
24655918,DESIGNER,0.0,[]
62312955,DESIGNER,0.0,[]
28663949,DESIGNER,0.0,[]
39434376,DESIGNER,0.0,[]
13998435,DESIGNER,0.0,[]
30965258,DESIGNER,0.0,[]
18835363,DESIGNER,0.0,[]
39252859,DESIGNER,0.0,[]
34051710,DESIGNER,0.0,[]
37664296,DESIGNER,0.0,"['html', 'css']"
24285142,DESIGNER,0.0,[]
24583187,DESIGNER,0.0,['c']
25949631,DESIGNER,0.0,[]
42384185,DESIGNER,0.0,['html']
26942552,DESIGNER,0.0,[]
67645662,DESIGNER,0.0,[]
34511655,DESIGNER,0.0,"['html', 'css']"
37695494,DESIGNER,0.0,[]
36856210,INFORMATION-TECHNOLOGY,0.0,"['html', 'linux']"
21780877,INFORMATION-TECHNOLOGY,0.0,[]
16899268,INFORMATION-TECHNOLOGY,0.0,[]
91635250,INFORMATION-TECHNOLOGY,0.0,[]
52246737,INFORMATION-TECHNOLOGY,0.0,['linux']
12045067,INFORMATION-TECHNOLOGY,0.0,[]
24913648,INFORMATION-TECHNOLOGY,0.0,['c']
28672970,INFORMATION-TECHNOLOGY,0.0,[]
66832845,INFORMATION-TECHNOLOGY,0.0,"['linux', 'azure']"
25207620,INFORMATION-TECHNOLOGY,0.0,[]
38753827,INFORMATION-TECHNOLOGY,0.0,[]
17681064,INFORMATION-TECHNOLOGY,0.0,['c']
19201175,INFORMATION-TECHNOLOGY,0.0,[]
12635195,INFORMATION-TECHNOLOGY,0.0,"['python', 'java', 'c', 'javascript']"
46260230,INFORMATION-TECHNOLOGY,0.0,['linux']
10839851,INFORMATION-TECHNOLOGY,0.0,[]
18752129,INFORMATION-TECHNOLOGY,0.0,['c']
24889109,INFORMATION-TECHNOLOGY,0.0,[]
24083609,INFORMATION-TECHNOLOGY,0.0,[]
24038620,INFORMATION-TECHNOLOGY,0.0,[]
20237244,INFORMATION-TECHNOLOGY,0.0,['linux']
92069209,INFORMATION-TECHNOLOGY,0.0,[]
28697203,INFORMATION-TECHNOLOGY,0.0,[]
28035460,INFORMATION-TECHNOLOGY,0.0,[]
21283365,INFORMATION-TECHNOLOGY,0.0,[]
17987433,INFORMATION-TECHNOLOGY,0.0,[]
15118506,INFORMATION-TECHNOLOGY,0.0,[]
24020470,INFORMATION-TECHNOLOGY,0.0,[]
27770859,INFORMATION-TECHNOLOGY,0.0,"['c', 'mysql', 'html', 'linux']"
13477922,INFORMATION-TECHNOLOGY,0.0,[]
35325329,INFORMATION-TECHNOLOGY,0.0,[]
10840430,INFORMATION-TECHNOLOGY,0.0,[]
64017585,INFORMATION-TECHNOLOGY,0.0,['linux']
19850482,INFORMATION-TECHNOLOGY,0.0,[]
28897981,INFORMATION-TECHNOLOGY,0.0,"['mysql', 'html', 'css', 'linux']"
23527321,INFORMATION-TECHNOLOGY,0.0,[]
18159866,INFORMATION-TECHNOLOGY,0.0,[]
23864648,INFORMATION-TECHNOLOGY,0.0,"['c', 'linux']"
20824105,INFORMATION-TECHNOLOGY,0.0,"['python', 'linux', 'aws']"
16533554,INFORMATION-TECHNOLOGY,0.0,[]
11584809,INFORMATION-TECHNOLOGY,0.0,['linux']
20408458,INFORMATION-TECHNOLOGY,0.0,[]
40018190,INFORMATION-TECHNOLOGY,0.0,[]
89413122,INFORMATION-TECHNOLOGY,0.0,[]
12334140,INFORMATION-TECHNOLOGY,0.0,[]
10641230,INFORMATION-TECHNOLOGY,0.0,"['java', 'html', 'css', 'javascript', 'linux']"
15791766,INFORMATION-TECHNOLOGY,0.0,[]
39718499,INFORMATION-TECHNOLOGY,0.0,[]
26768723,INFORMATION-TECHNOLOGY,0.0,"['css', 'linux']"
15802627,INFORMATION-TECHNOLOGY,0.0,[]
51363762,INFORMATION-TECHNOLOGY,0.0,['c']
27485716,INFORMATION-TECHNOLOGY,0.0,[]
26480367,INFORMATION-TECHNOLOGY,0.0,"['python', 'c', 'html']"
81761658,INFORMATION-TECHNOLOGY,0.0,['linux']
23666211,INFORMATION-TECHNOLOGY,0.0,[]
19918523,TEACHER,0.0,[]
62184086,TEACHER,0.0,[]
28063132,TEACHER,0.0,[]
29797594,TEACHER,0.0,['c']
22408666,TEACHER,0.0,[]
13087952,TEACHER,0.0,[]
15850434,TEACHER,0.0,[]
28772892,TEACHER,0.0,[]
33704389,TEACHER,0.0,[]
16210888,TEACHER,0.0,[]
38750659,TEACHER,0.0,[]
90363254,TEACHER,0.0,[]
66906212,TEACHER,0.0,[]
34745915,TEACHER,0.0,[]
34689720,TEACHER,0.0,[]
48547319,TEACHER,0.0,[]
28086303,TEACHER,0.0,[]
35421497,TEACHER,0.0,[]
69005326,TEACHER,0.0,[]
18001081,TEACHER,0.0,[]
14958913,TEACHER,0.0,[]
13296856,TEACHER,0.0,[]
23939133,TEACHER,0.0,[]
96547039,TEACHER,0.0,['c']
23628651,TEACHER,0.0,[]
29486525,TEACHER,0.0,[]
21773106,TEACHER,0.0,[]
34465087,TEACHER,0.0,[]
24791126,TEACHER,0.0,['c']
15899269,TEACHER,0.0,[]
37402097,TEACHER,0.0,[]
36569713,TEACHER,0.0,[]
29267293,TEACHER,0.0,[]
13330982,TEACHER,0.0,[]
29639533,TEACHER,0.0,['c']
16270906,TEACHER,0.0,[]
74816727,TEACHER,0.0,[]
31552617,TEACHER,0.0,[]
19556300,TEACHER,0.0,[]
17481570,TEACHER,0.0,[]
58708773,TEACHER,0.0,[]
69532425,TEACHER,0.0,[]
20399718,TEACHER,0.0,[]
19302310,TEACHER,0.0,[]
51209395,TEACHER,0.0,[]
22632070,TEACHER,0.0,[]
22056333,TEACHER,0.0,[]
11616482,TEACHER,0.0,['html']
21531811,TEACHER,0.0,[]
58665241,TEACHER,0.0,[]
37660306,TEACHER,0.0,[]
13583538,TEACHER,0.0,[]
20230207,TEACHER,0.0,[]
28642819,TEACHER,0.0,[]
16820422,TEACHER,0.0,[]
25588694,TEACHER,0.0,[]
10909720,TEACHER,0.0,[]
28933005,TEACHER,0.0,[]
53129155,TEACHER,0.0,[]
11943065,TEACHER,0.0,[]
45987048,TEACHER,0.0,[]
99244405,TEACHER,0.0,[]
32067700,TEACHER,0.0,[]
27126818,TEACHER,0.0,[]
70892619,TEACHER,0.0,[]
12587973,TEACHER,0.0,[]
21611212,TEACHER,0.0,[]
21550454,TEACHER,0.0,[]
86322251,TEACHER,0.0,[]
10504237,TEACHER,0.0,[]
20478831,TEACHER,0.0,[]
79663360,TEACHER,0.0,[]
76196367,TEACHER,0.0,[]
27524018,TEACHER,0.0,[]
14445309,ADVOCATE,0.0,[]
37348041,ADVOCATE,0.0,[]
89508407,ADVOCATE,0.0,[]
25873425,ADVOCATE,0.0,[]
31040875,ADVOCATE,0.0,[]
12171093,ADVOCATE,0.0,[]
13967854,ADVOCATE,0.0,[]
90468982,ADVOCATE,0.0,[]
49475708,ADVOCATE,0.0,['c']
54067174,ADVOCATE,0.0,[]
38860712,ADVOCATE,0.0,[]
34970271,ADVOCATE,0.0,[]
12544735,ADVOCATE,0.0,[]
28206098,ADVOCATE,0.0,[]
20765795,ADVOCATE,0.0,[]
20272792,ADVOCATE,0.0,[]
20324037,ADVOCATE,0.0,['linux']
53169257,ADVOCATE,0.0,['c']
13593241,ADVOCATE,0.0,[]
22391901,ADVOCATE,0.0,[]
10344379,ADVOCATE,0.0,[]
14146106,ADVOCATE,0.0,[]
74191424,ADVOCATE,0.0,[]
20400279,ADVOCATE,0.0,[]
95714702,ADVOCATE,0.0,[]
72652441,ADVOCATE,0.0,[]
24754689,ADVOCATE,0.0,[]
75057933,ADVOCATE,0.0,[]
91051945,ADVOCATE,0.0,[]
14176254,ADVOCATE,0.0,[]
23577836,ADVOCATE,0.0,[]
32965335,ADVOCATE,0.0,['aws']
97405769,ADVOCATE,0.0,[]
15337481,ADVOCATE,0.0,[]
19518606,ADVOCATE,0.0,[]
29173771,ADVOCATE,0.0,[]
19108760,ADVOCATE,0.0,['c']
14708590,ADVOCATE,0.0,[]
40088790,ADVOCATE,0.0,[]
22042181,ADVOCATE,0.0,[]
29415426,ADVOCATE,0.0,[]
37333719,ADVOCATE,0.0,[]
15313140,ADVOCATE,0.0,[]
20544228,ADVOCATE,0.0,[]
30741799,ADVOCATE,0.0,[]
26456474,ADVOCATE,0.0,[]
10818478,ADVOCATE,0.0,[]
27182111,ADVOCATE,0.0,[]
11174187,ADVOCATE,0.0,[]
10659182,ADVOCATE,0.0,[]
35344611,ADVOCATE,0.0,[]
28111403,ADVOCATE,0.0,['c']
34327438,ADVOCATE,0.0,['c']
15958967,ADVOCATE,0.0,['html']
46772262,ADVOCATE,0.0,[]
24695561,ADVOCATE,0.0,['c']
93512385,ADVOCATE,0.0,[]
23804341,ADVOCATE,0.0,[]
17911230,ADVOCATE,0.0,[]
75435017,ADVOCATE,0.0,[]
28871170,ADVOCATE,0.0,[]
24763208,ADVOCATE,0.0,[]
65708020,BUSINESS-DEVELOPMENT,0.0,[]
36805025,BUSINESS-DEVELOPMENT,0.0,[]
13080868,BUSINESS-DEVELOPMENT,0.0,[]
38688388,BUSINESS-DEVELOPMENT,0.0,[]
12059198,BUSINESS-DEVELOPMENT,0.0,[]
61677751,BUSINESS-DEVELOPMENT,0.0,['c']
20553895,BUSINESS-DEVELOPMENT,0.0,[]
29208172,BUSINESS-DEVELOPMENT,0.0,['c']
40792022,BUSINESS-DEVELOPMENT,0.0,[]
17095812,BUSINESS-DEVELOPMENT,0.0,[]
27850777,BUSINESS-DEVELOPMENT,0.0,[]
98379112,BUSINESS-DEVELOPMENT,0.0,[]
37521676,BUSINESS-DEVELOPMENT,0.0,['c']
10501991,BUSINESS-DEVELOPMENT,0.0,[]
18293620,BUSINESS-DEVELOPMENT,0.0,[]
19557384,BUSINESS-DEVELOPMENT,0.0,"['c', 'html']"
15423153,BUSINESS-DEVELOPMENT,0.0,['html']
24647386,BUSINESS-DEVELOPMENT,0.0,[]
23568641,BUSINESS-DEVELOPMENT,0.0,[]
22423839,BUSINESS-DEVELOPMENT,0.0,[]
19738730,BUSINESS-DEVELOPMENT,0.0,[]
34046031,BUSINESS-DEVELOPMENT,0.0,[]
14825300,BUSINESS-DEVELOPMENT,0.0,['c']
26896699,BUSINESS-DEVELOPMENT,0.0,['c']
11289482,BUSINESS-DEVELOPMENT,0.0,[]
29908929,BUSINESS-DEVELOPMENT,0.0,[]
10704573,BUSINESS-DEVELOPMENT,0.0,[]
14990354,BUSINESS-DEVELOPMENT,0.0,['c']
24964303,BUSINESS-DEVELOPMENT,0.0,['c']
82118447,BUSINESS-DEVELOPMENT,0.0,['c']
18236085,BUSINESS-DEVELOPMENT,0.0,[]
29825044,BUSINESS-DEVELOPMENT,0.0,[]
39237915,BUSINESS-DEVELOPMENT,0.0,[]
28916894,BUSINESS-DEVELOPMENT,0.0,[]
80275976,BUSINESS-DEVELOPMENT,0.0,['c']
23396633,BUSINESS-DEVELOPMENT,0.0,[]
39875803,BUSINESS-DEVELOPMENT,0.0,[]
30938994,BUSINESS-DEVELOPMENT,0.0,[]
16694152,BUSINESS-DEVELOPMENT,0.0,[]
81310245,BUSINESS-DEVELOPMENT,0.0,[]
22025574,BUSINESS-DEVELOPMENT,0.0,[]
31638814,BUSINESS-DEVELOPMENT,0.0,[]
25370801,BUSINESS-DEVELOPMENT,0.0,['c']
27796199,BUSINESS-DEVELOPMENT,0.0,[]
10289113,BUSINESS-DEVELOPMENT,0.0,['c']
27219200,BUSINESS-DEVELOPMENT,0.0,[]
10235211,BUSINESS-DEVELOPMENT,0.0,[]
47067533,BUSINESS-DEVELOPMENT,0.0,[]
14241621,BUSINESS-DEVELOPMENT,0.0,[]
27213082,BUSINESS-DEVELOPMENT,0.0,[]
31813535,BUSINESS-DEVELOPMENT,0.0,[]
38007664,BUSINESS-DEVELOPMENT,0.0,['c']
12377803,BUSINESS-DEVELOPMENT,0.0,[]
32385553,BUSINESS-DEVELOPMENT,0.0,[]
13199813,BUSINESS-DEVELOPMENT,0.0,[]
11551946,BUSINESS-DEVELOPMENT,0.0,[]
22765255,BUSINESS-DEVELOPMENT,0.0,[]
35673335,BUSINESS-DEVELOPMENT,0.0,[]
16846478,BUSINESS-DEVELOPMENT,0.0,[]
36574147,BUSINESS-DEVELOPMENT,0.0,[]
27004930,BUSINESS-DEVELOPMENT,0.0,[]
59696315,BUSINESS-DEVELOPMENT,0.0,['c']
20633855,BUSINESS-DEVELOPMENT,0.0,[]
18311419,BUSINESS-DEVELOPMENT,0.0,[]
16091352,BUSINESS-DEVELOPMENT,0.0,[]
27375577,BUSINESS-DEVELOPMENT,0.0,[]
76916835,BUSINESS-DEVELOPMENT,0.0,[]
17730889,BUSINESS-DEVELOPMENT,0.0,['c']
67501448,BUSINESS-DEVELOPMENT,0.0,['c']
12632728,BUSINESS-DEVELOPMENT,0.0,[]
91467795,BUSINESS-DEVELOPMENT,0.0,['c']
13574264,BUSINESS-DEVELOPMENT,0.0,[]
27139412,BUSINESS-DEVELOPMENT,0.0,[]
14070138,BUSINESS-DEVELOPMENT,0.0,['c']
15811992,BUSINESS-DEVELOPMENT,0.0,[]
17597372,BUSINESS-DEVELOPMENT,0.0,[]
18937778,BUSINESS-DEVELOPMENT,0.0,[]
14861855,BUSINESS-DEVELOPMENT,0.0,[]
36170003,BUSINESS-DEVELOPMENT,0.0,['c']
27937592,BUSINESS-DEVELOPMENT,0.0,[]
16519708,BUSINESS-DEVELOPMENT,0.0,[]
17602815,BUSINESS-DEVELOPMENT,0.0,[]
28337049,BUSINESS-DEVELOPMENT,0.0,[]
33424600,BUSINESS-DEVELOPMENT,0.0,[]
31273310,BUSINESS-DEVELOPMENT,0.0,['html']
95382114,BUSINESS-DEVELOPMENT,0.0,[]
23617240,HEALTHCARE,0.0,[]
69199666,HEALTHCARE,0.0,[]
28670024,HEALTHCARE,0.0,[]
36625776,HEALTHCARE,0.0,[]
96260484,HEALTHCARE,0.0,[]
34962725,HEALTHCARE,0.0,[]
26125407,HEALTHCARE,0.0,[]
37374340,HEALTHCARE,0.0,[]
25328428,HEALTHCARE,0.0,[]
56520872,HEALTHCARE,0.0,[]
23944036,HEALTHCARE,0.0,[]
19090468,HEALTHCARE,0.0,"['java', 'linux']"
16132195,HEALTHCARE,0.0,[]
17960690,HEALTHCARE,0.0,[]
17624934,HEALTHCARE,0.0,['c']
20835760,HEALTHCARE,0.0,[]
18714571,HEALTHCARE,0.0,[]
11653906,HEALTHCARE,0.0,[]
10466208,HEALTHCARE,0.0,[]
13352113,HEALTHCARE,0.0,[]
20110597,HEALTHCARE,0.0,['html']
20211577,HEALTHCARE,0.0,[]
12315079,HEALTHCARE,0.0,['c']
10480456,HEALTHCARE,0.0,[]
49325370,HEALTHCARE,0.0,[]
14667957,HEALTHCARE,0.0,[]
28745844,HEALTHCARE,0.0,[]
17864043,HEALTHCARE,0.0,[]
80876647,HEALTHCARE,0.0,[]
36861863,HEALTHCARE,0.0,[]
24025053,HEALTHCARE,0.0,[]
17545780,HEALTHCARE,0.0,[]
13565152,HEALTHCARE,0.0,[]
26908066,HEALTHCARE,0.0,[]
11704150,HEALTHCARE,0.0,[]
27917969,HEALTHCARE,0.0,[]
12613221,HEALTHCARE,0.0,[]
15680735,HEALTHCARE,0.0,['c']
15636923,HEALTHCARE,0.0,[]
37001381,HEALTHCARE,0.0,[]
28423028,HEALTHCARE,0.0,[]
46349752,HEALTHCARE,0.0,[]
17963031,HEALTHCARE,0.0,['java']
20172393,HEALTHCARE,0.0,[]
39082090,HEALTHCARE,0.0,[]
12333703,HEALTHCARE,0.0,[]
15499825,HEALTHCARE,0.0,[]
85417107,HEALTHCARE,0.0,[]
33750209,HEALTHCARE,0.0,[]
16356151,HEALTHCARE,0.0,[]
18784594,HEALTHCARE,0.0,[]
85421438,HEALTHCARE,0.0,[]
33803142,HEALTHCARE,0.0,[]
47996197,HEALTHCARE,0.0,[]
11605833,HEALTHCARE,0.0,[]
25451319,HEALTHCARE,0.0,[]
91478356,HEALTHCARE,0.0,[]
29134372,HEALTHCARE,0.0,[]
35579812,HEALTHCARE,0.0,[]
29992154,HEALTHCARE,0.0,[]
18129173,HEALTHCARE,0.0,[]
24550866,HEALTHCARE,0.0,[]
25834360,HEALTHCARE,0.0,[]
27090089,HEALTHCARE,0.0,[]
35422305,HEALTHCARE,0.0,[]
18949843,HEALTHCARE,0.0,[]
17539842,HEALTHCARE,0.0,[]
97169343,HEALTHCARE,0.0,[]
31395710,HEALTHCARE,0.0,[]
17576030,FITNESS,0.0,[]
15932017,FITNESS,0.0,[]
10816645,FITNESS,0.0,[]
11522068,FITNESS,0.0,[]
10568350,FITNESS,0.0,[]
18767449,FITNESS,0.0,[]
20457611,FITNESS,0.0,[]
54259150,FITNESS,0.0,[]
67032711,FITNESS,0.0,[]
12019284,FITNESS,0.0,[]
32651555,FITNESS,0.0,[]
55746506,FITNESS,0.0,[]
30757456,FITNESS,0.0,[]
19037403,FITNESS,0.0,[]
32636041,FITNESS,0.0,[]
27974588,FITNESS,0.0,[]
24251588,FITNESS,0.0,[]
38642923,FITNESS,0.0,[]
39805617,FITNESS,0.0,[]
28669770,FITNESS,0.0,[]
17660419,FITNESS,0.0,[]
22855060,FITNESS,0.0,[]
17163375,FITNESS,0.0,[]
35302620,FITNESS,0.0,[]
17286050,FITNESS,0.0,[]
10428916,FITNESS,0.0,[]
52684666,FITNESS,0.0,['c']
19774173,FITNESS,0.0,['c']
23011221,FITNESS,0.0,[]
13367322,FITNESS,0.0,[]
16038911,FITNESS,0.0,[]
12923795,FITNESS,0.0,[]
20279756,FITNESS,0.0,[]
25838512,FITNESS,0.0,[]
28321954,FITNESS,0.0,[]
17166018,FITNESS,0.0,[]
29573698,FITNESS,0.0,[]
95769832,FITNESS,0.0,[]
89858892,FITNESS,0.0,[]
31042953,FITNESS,0.0,[]
24994145,FITNESS,0.0,[]
56286525,FITNESS,0.0,[]
32517106,FITNESS,0.0,[]
38108845,FITNESS,0.0,[]
45656814,FITNESS,0.0,[]
24767027,FITNESS,0.0,[]
17915015,FITNESS,0.0,[]
36139251,FITNESS,0.0,[]
25482567,FITNESS,0.0,[]
29165698,FITNESS,0.0,[]
27084878,FITNESS,0.0,[]
70603826,FITNESS,0.0,[]
95085510,FITNESS,0.0,[]
20255404,FITNESS,0.0,[]
69666645,FITNESS,0.0,[]
19938081,FITNESS,0.0,[]
12092347,FITNESS,0.0,[]
62870550,FITNESS,0.0,[]
76530505,FITNESS,0.0,[]
10333051,FITNESS,0.0,[]
29319314,FITNESS,0.0,[]
29425788,FITNESS,0.0,[]
11130200,FITNESS,0.0,['c']
10969918,FITNESS,0.0,[]
21178545,FITNESS,0.0,['c']
12938389,FITNESS,0.0,[]
57575888,FITNESS,0.0,['c']
21122155,FITNESS,0.0,[]
24708621,FITNESS,0.0,[]
27903191,FITNESS,0.0,[]
24905947,FITNESS,0.0,[]
75156649,FITNESS,0.0,[]
96761538,FITNESS,0.0,[]
14515954,FITNESS,0.0,[]
13675377,FITNESS,0.0,[]
34151183,FITNESS,0.0,[]
34792238,FITNESS,0.0,[]
23004695,FITNESS,0.0,[]
63282405,FITNESS,0.0,[]
31556198,FITNESS,0.0,[]
12791244,FITNESS,0.0,[]
17658471,FITNESS,0.0,[]
80000092,FITNESS,0.0,[]
13037145,FITNESS,0.0,[]
29306433,FITNESS,0.0,[]
28165687,AGRICULTURE,0.0,[]
37292350,AGRICULTURE,0.0,['c']
21868149,AGRICULTURE,0.0,[]
37201447,AGRICULTURE,0.0,[]
29897742,AGRICULTURE,0.0,[]
15603319,AGRICULTURE,0.0,[]
69336473,AGRICULTURE,0.0,[]
18242317,AGRICULTURE,0.0,[]
14140903,AGRICULTURE,0.0,['c']
38216888,AGRICULTURE,0.0,[]
16849128,AGRICULTURE,0.0,[]
12341902,AGRICULTURE,0.0,[]
11197262,AGRICULTURE,0.0,[]
10953078,AGRICULTURE,0.0,[]
69859102,AGRICULTURE,0.0,[]
40882926,AGRICULTURE,0.0,[]
16653657,AGRICULTURE,0.0,[]
36102323,AGRICULTURE,0.0,['linux']
20969119,AGRICULTURE,0.0,[]
27689009,AGRICULTURE,0.0,[]
28733974,AGRICULTURE,0.0,[]
15546686,AGRICULTURE,0.0,[]
24068423,AGRICULTURE,0.0,['javascript']
12674256,AGRICULTURE,0.0,[]
27888251,AGRICULTURE,0.0,[]
55712978,AGRICULTURE,0.0,[]
26835781,AGRICULTURE,0.0,[]
20006992,AGRICULTURE,0.0,[]
24416961,AGRICULTURE,0.0,[]
18264694,AGRICULTURE,0.0,[]
26070334,AGRICULTURE,0.0,[]
28247753,AGRICULTURE,0.0,['c']
17499196,AGRICULTURE,0.0,[]
79261033,BPO,0.0,[]
18589927,BPO,0.0,[]
23933031,BPO,0.0,[]
89512321,BPO,0.0,[]
30709029,BPO,0.0,[]
11183737,BPO,0.0,[]
63158213,BPO,0.0,['css']
15145575,BPO,0.0,[]
31064969,BPO,0.0,[]
27710853,BPO,0.0,['c']
15573418,BPO,0.0,[]
95625660,BPO,0.0,['c']
33578873,SALES,0.0,[]
23760084,SALES,0.0,[]
30083943,SALES,0.0,[]
20552814,SALES,0.0,[]
40987524,SALES,0.0,[]
29399491,SALES,0.0,[]
29184740,SALES,0.0,[]
17781039,SALES,0.0,[]
19147947,SALES,0.0,[]
30608780,SALES,0.0,[]
15918496,SALES,0.0,[]
16223371,SALES,0.0,[]
79376680,SALES,0.0,[]
26994282,SALES,0.0,[]
20819838,SALES,0.0,[]
16511249,SALES,0.0,[]
36074301,SALES,0.0,[]
27624540,SALES,0.0,[]
20423658,SALES,0.0,[]
98509238,SALES,0.0,[]
25810233,SALES,0.0,[]
15273850,SALES,0.0,[]
26932091,SALES,0.0,[]
13812481,SALES,0.0,[]
22047665,SALES,0.0,[]
69155584,SALES,0.0,[]
30529547,SALES,0.0,[]
23296286,SALES,0.0,[]
10603337,SALES,0.0,[]
15581242,SALES,0.0,[]
90682785,SALES,0.0,[]
98108571,SALES,0.0,[]
39581020,SALES,0.0,[]
25839123,SALES,0.0,[]
31454430,SALES,0.0,[]
18368613,SALES,0.0,[]
17509935,SALES,0.0,[]
21595057,SALES,0.0,['html']
12696104,SALES,0.0,[]
10898339,SALES,0.0,[]
25315791,SALES,0.0,[]
17378327,SALES,0.0,[]
16121015,SALES,0.0,[]
19582792,SALES,0.0,[]
13348915,SALES,0.0,[]
59422148,SALES,0.0,[]
10138632,SALES,0.0,[]
29805310,SALES,0.0,[]
26425074,SALES,0.0,[]
10464113,SALES,0.0,['c']
54101961,SALES,0.0,[]
92200491,SALES,0.0,[]
29332616,SALES,0.0,[]
13178604,SALES,0.0,['c']
37360517,SALES,0.0,[]
28377361,SALES,0.0,[]
12082377,SALES,0.0,[]
28198029,SALES,0.0,[]
28867567,SALES,0.0,[]
19147494,SALES,0.0,[]
14358578,SALES,0.0,[]
37735467,SALES,0.0,[]
65456466,SALES,0.0,[]
32140087,SALES,0.0,[]
58428843,SALES,0.0,[]
70528646,SALES,0.0,[]
23032182,SALES,0.0,[]
28139742,SALES,0.0,[]
17410700,SALES,0.0,[]
20141807,SALES,0.0,[]
16280971,SALES,0.0,[]
34131484,SALES,0.0,[]
31199035,SALES,0.0,[]
85918100,SALES,0.0,[]
14381464,SALES,0.0,[]
23782450,SALES,0.0,[]
37792474,SALES,0.0,['c']
27233183,SALES,0.0,[]
29815762,SALES,0.0,[]
19156751,SALES,0.0,[]
27096471,CONSULTANT,0.0,[]
15119529,CONSULTANT,0.0,['c']
31395742,CONSULTANT,0.0,[]
25694422,CONSULTANT,0.0,['c']
93459677,CONSULTANT,0.0,[]
25213006,CONSULTANT,0.0,[]
10332998,CONSULTANT,0.0,['c']
15433732,CONSULTANT,0.0,"['html', 'css', 'javascript']"
30083884,CONSULTANT,0.0,[]
78016758,CONSULTANT,0.0,[]
12897903,CONSULTANT,0.0,[]
34875813,CONSULTANT,0.0,[]
11333660,CONSULTANT,0.0,[]
32637306,CONSULTANT,0.0,['c']
71888547,CONSULTANT,0.0,[]
29770086,CONSULTANT,0.0,[]
20176584,CONSULTANT,0.0,[]
32433431,CONSULTANT,0.0,[]
88691367,CONSULTANT,0.0,[]
24828381,CONSULTANT,0.0,[]
38896303,CONSULTANT,0.0,['html']
38399177,CONSULTANT,0.0,[]
19161572,CONSULTANT,0.0,[]
73075521,CONSULTANT,0.0,[]
17983957,CONSULTANT,0.0,[]
21568833,CONSULTANT,0.0,[]
92246939,CONSULTANT,0.0,['c']
48533663,CONSULTANT,0.0,[]
38457612,CONSULTANT,0.0,[]
31016926,CONSULTANT,0.0,['c']
19936735,CONSULTANT,0.0,[]
33919379,CONSULTANT,0.0,[]
95350373,CONSULTANT,0.0,[]
28243590,CONSULTANT,0.0,[]
13313917,CONSULTANT,0.0,['c']
12955994,CONSULTANT,0.0,[]
16964217,CONSULTANT,0.0,[]
22351830,CONSULTANT,0.0,"['java', 'mysql', 'html', 'javascript', 'git', 'linux']"
11415967,CONSULTANT,0.0,[]
18227306,CONSULTANT,0.0,[]
31201660,CONSULTANT,0.0,['c']
25258040,CONSULTANT,0.0,[]
56792999,CONSULTANT,0.0,[]
37818861,CONSULTANT,0.0,[]
91116867,CONSULTANT,0.0,[]
14346702,CONSULTANT,0.0,[]
63670997,CONSULTANT,0.0,[]
17307206,CONSULTANT,0.0,[]
67406885,CONSULTANT,0.0,[]
79570655,CONSULTANT,0.0,[]
13569152,CONSULTANT,0.0,[]
10984392,CONSULTANT,0.0,[]
11835339,CONSULTANT,0.0,['c']
15535920,CONSULTANT,0.0,['c']
26919036,CONSULTANT,0.0,[]
57601040,CONSULTANT,0.0,[]
16509761,DIGITAL-MEDIA,0.0,[]
29915354,DIGITAL-MEDIA,0.0,[]
82929064,DIGITAL-MEDIA,0.0,[]
10515955,DIGITAL-MEDIA,0.0,[]
14945250,DIGITAL-MEDIA,0.0,[]
28609364,DIGITAL-MEDIA,0.0,[]
19861776,DIGITAL-MEDIA,0.0,['c']
14036515,DIGITAL-MEDIA,0.0,[]
17132168,DIGITAL-MEDIA,0.0,['c']
15353911,DIGITAL-MEDIA,0.0,[]
18501746,DIGITAL-MEDIA,0.0,[]
17584743,DIGITAL-MEDIA,0.0,[]
14761906,DIGITAL-MEDIA,0.0,[]
25525152,DIGITAL-MEDIA,0.0,['html']
13343786,DIGITAL-MEDIA,0.0,[]
15484097,DIGITAL-MEDIA,0.0,[]
19444529,DIGITAL-MEDIA,0.0,[]
33893326,DIGITAL-MEDIA,0.0,"['c', 'html']"
40883703,DIGITAL-MEDIA,0.0,[]
24574164,DIGITAL-MEDIA,0.0,[]
23085604,DIGITAL-MEDIA,0.0,[]
27080812,DIGITAL-MEDIA,0.0,['machine learning']
20330739,DIGITAL-MEDIA,0.0,['c']
37739183,DIGITAL-MEDIA,0.0,['html']
14771530,DIGITAL-MEDIA,0.0,['html']
62700506,DIGITAL-MEDIA,0.0,[]
11677012,DIGITAL-MEDIA,0.0,[]
18525641,DIGITAL-MEDIA,0.0,[]
91539554,DIGITAL-MEDIA,0.0,[]
24658786,DIGITAL-MEDIA,0.0,"['html', 'css']"
25038571,DIGITAL-MEDIA,0.0,[]
33542483,DIGITAL-MEDIA,0.0,[]
18927233,DIGITAL-MEDIA,0.0,[]
18488289,DIGITAL-MEDIA,0.0,"['html', 'css']"
31909493,DIGITAL-MEDIA,0.0,[]
29002596,DIGITAL-MEDIA,0.0,[]
94492380,DIGITAL-MEDIA,0.0,[]
70196518,DIGITAL-MEDIA,0.0,[]
56952849,DIGITAL-MEDIA,0.0,"['mysql', 'linux']"
40311088,DIGITAL-MEDIA,0.0,[]
10005171,DIGITAL-MEDIA,0.0,[]
26160200,DIGITAL-MEDIA,0.0,"['html', 'css', 'javascript']"
34583750,DIGITAL-MEDIA,0.0,[]
24953921,DIGITAL-MEDIA,0.0,['css']
20490741,DIGITAL-MEDIA,0.0,[]
11270462,DIGITAL-MEDIA,0.0,[]
90685127,DIGITAL-MEDIA,0.0,[]
20628003,DIGITAL-MEDIA,0.0,[]
30504149,DIGITAL-MEDIA,0.0,[]
91318828,DIGITAL-MEDIA,0.0,[]
16276121,DIGITAL-MEDIA,0.0,[]
50219114,DIGITAL-MEDIA,0.0,[]
17562754,DIGITAL-MEDIA,0.0,[]
24679149,DIGITAL-MEDIA,0.0,"['html', 'css']"
81508860,DIGITAL-MEDIA,0.0,"['html', 'css']"
28679359,DIGITAL-MEDIA,0.0,[]
23810469,DIGITAL-MEDIA,0.0,['c']
16536141,DIGITAL-MEDIA,0.0,[]
22706174,DIGITAL-MEDIA,0.0,[]
18354623,DIGITAL-MEDIA,0.0,"['html', 'css', 'javascript']"
11797122,AUTOMOBILE,0.0,[]
16332293,AUTOMOBILE,0.0,[]
91515108,AUTOMOBILE,0.0,[]
11152490,AUTOMOBILE,0.0,[]
99680385,AUTOMOBILE,0.0,['c']
15790602,AUTOMOBILE,0.0,[]
23522150,AUTOMOBILE,0.0,[]
11257723,AUTOMOBILE,0.0,[]
14455622,AUTOMOBILE,0.0,[]
23009962,AUTOMOBILE,0.0,[]
22732234,AUTOMOBILE,0.0,[]
15100547,AUTOMOBILE,0.0,[]
97449528,AUTOMOBILE,0.0,[]
82140102,AUTOMOBILE,0.0,[]
17571262,AUTOMOBILE,0.0,[]
32069695,AUTOMOBILE,0.0,[]
63989974,AUTOMOBILE,0.0,[]
15210069,AUTOMOBILE,0.0,[]
22452756,AUTOMOBILE,0.0,['c']
24592627,AUTOMOBILE,0.0,[]
15180322,CHEF,0.0,[]
24221960,CHEF,0.0,[]
24673903,CHEF,0.0,[]
19007667,CHEF,0.0,[]
30311202,CHEF,0.0,[]
11121498,CHEF,0.0,['c']
32518109,CHEF,0.0,[]
26718039,CHEF,0.0,[]
23568731,CHEF,0.0,[]
14663897,CHEF,0.0,[]
21904897,CHEF,0.0,[]
16594812,CHEF,0.0,[]
16804396,CHEF,0.0,[]
92122785,CHEF,0.0,['c']
27831220,CHEF,0.0,[]
34452806,CHEF,0.0,[]
21611637,CHEF,0.0,[]
13095891,CHEF,0.0,[]
12717345,CHEF,0.0,[]
65373280,CHEF,0.0,[]
47603843,CHEF,0.0,"['java', 'html', 'css', 'javascript']"
25953797,CHEF,0.0,[]
28424982,CHEF,0.0,[]
29784524,CHEF,0.0,[]
10001727,CHEF,0.0,['c']
74522938,CHEF,0.0,['html']
91591026,CHEF,0.0,['c']
21511817,CHEF,0.0,[]
35468363,CHEF,0.0,[]
37231163,CHEF,0.0,[]
16924102,CHEF,0.0,[]
16855929,CHEF,0.0,[]
29211359,CHEF,0.0,[]
27820360,CHEF,0.0,['c']
48580330,CHEF,0.0,[]
29072179,CHEF,0.0,[]
94047639,CHEF,0.0,[]
21622444,CHEF,0.0,[]
33964275,CHEF,0.0,[]
25128608,CHEF,0.0,[]
18825446,CHEF,0.0,[]
61322296,CHEF,0.0,[]
29449419,CHEF,0.0,[]
20321582,CHEF,0.0,[]
19285236,CHEF,0.0,[]
13264154,CHEF,0.0,[]
47729453,CHEF,0.0,[]
22561438,CHEF,0.0,[]
16248476,CHEF,0.0,[]
10653119,CHEF,0.0,[]
86551046,CHEF,0.0,[]
29775391,CHEF,0.0,[]
53265899,CHEF,0.0,['c']
38309905,CHEF,0.0,[]
29772450,CHEF,0.0,[]
10276858,CHEF,0.0,[]
10588874,CHEF,0.0,[]
91072502,CHEF,0.0,[]
13212436,CHEF,0.0,[]
15261348,CHEF,0.0,[]
27662298,CHEF,0.0,[]
16066857,CHEF,0.0,[]
30337969,CHEF,0.0,[]
10333299,CHEF,0.0,[]
28396528,CHEF,0.0,[]
19268120,CHEF,0.0,[]
20691949,CHEF,0.0,[]
26189601,CHEF,0.0,[]
30826569,CHEF,0.0,[]
91268638,CHEF,0.0,[]
18036030,CHEF,0.0,[]
23398733,CHEF,0.0,[]
30128072,CHEF,0.0,[]
28176889,CHEF,0.0,[]
10889157,CHEF,0.0,[]
57262959,CHEF,0.0,[]
62555739,CHEF,0.0,[]
18480859,CHEF,0.0,[]
12254068,CHEF,0.0,[]
25452321,CHEF,0.0,[]
28230807,CHEF,0.0,[]
68338341,CHEF,0.0,['c']
22349169,CHEF,0.0,[]
86549455,FINANCE,0.0,[]
23955183,FINANCE,0.0,[]
14722634,FINANCE,0.0,[]
26767199,FINANCE,0.0,[]
15891494,FINANCE,0.0,[]
11490673,FINANCE,0.0,[]
22622351,FINANCE,0.0,[]
61634281,FINANCE,0.0,[]
24530382,FINANCE,0.0,[]
27018361,FINANCE,0.0,['c']
92524964,FINANCE,0.0,[]
17775916,FINANCE,0.0,['c']
18975686,FINANCE,0.0,[]
28758002,FINANCE,0.0,['c']
59938965,FINANCE,0.0,[]
57088974,FINANCE,0.0,[]
20836112,FINANCE,0.0,[]
26961846,FINANCE,0.0,[]
28623782,FINANCE,0.0,[]
24411323,FINANCE,0.0,[]
33685988,FINANCE,0.0,[]
62850928,FINANCE,0.0,[]
25497147,FINANCE,0.0,[]
18640927,FINANCE,0.0,[]
77638654,FINANCE,0.0,[]
38441665,FINANCE,0.0,[]
29648950,FINANCE,0.0,[]
15011085,FINANCE,0.0,[]
29998869,FINANCE,0.0,[]
28973180,FINANCE,0.0,[]
23573064,FINANCE,0.0,[]
10549585,FINANCE,0.0,"['java', 'c']"
29494962,FINANCE,0.0,['c']
69487178,FINANCE,0.0,[]
86595128,FINANCE,0.0,[]
58165257,FINANCE,0.0,['c']
93653247,FINANCE,0.0,[]
24553863,FINANCE,0.0,[]
16449850,FINANCE,0.0,[]
47410104,FINANCE,0.0,[]
14106638,FINANCE,0.0,[]
20880935,FINANCE,0.0,[]
95519832,FINANCE,0.0,['c']
25101183,FINANCE,0.0,[]
88038965,FINANCE,0.0,[]
59818742,FINANCE,0.0,['c']
98513424,FINANCE,0.0,[]
15792052,FINANCE,0.0,[]
27409087,FINANCE,0.0,[]
19540089,FINANCE,0.0,[]
28724469,FINANCE,0.0,[]
18636651,FINANCE,0.0,[]
24967652,FINANCE,0.0,[]
24533931,APPAREL,0.0,[]
27694040,APPAREL,0.0,[]
15535408,APPAREL,0.0,[]
27091280,APPAREL,0.0,[]
11677077,APPAREL,0.0,[]
29521434,APPAREL,0.0,[]
19070271,APPAREL,0.0,[]
56151548,APPAREL,0.0,[]
16391949,APPAREL,0.0,[]
13418452,APPAREL,0.0,[]
27099856,APPAREL,0.0,[]
26046878,APPAREL,0.0,[]
35121930,APPAREL,0.0,[]
16915389,APPAREL,0.0,[]
12668625,APPAREL,0.0,[]
14698557,APPAREL,0.0,[]
31225895,APPAREL,0.0,[]
15479281,APPAREL,0.0,[]
26691587,APPAREL,0.0,[]
11232471,APPAREL,0.0,[]
21007083,APPAREL,0.0,['c']
72807293,APPAREL,0.0,[]
15154822,APPAREL,0.0,[]
46514339,APPAREL,0.0,[]
11409460,APPAREL,0.0,[]
99806115,APPAREL,0.0,[]
29764492,APPAREL,0.0,[]
91533580,APPAREL,0.0,[]
13807808,APPAREL,0.0,[]
16605640,APPAREL,0.0,[]
71499299,APPAREL,0.0,[]
18509268,APPAREL,0.0,[]
35571205,APPAREL,0.0,[]
12059610,APPAREL,0.0,[]
26829561,APPAREL,0.0,[]
27176039,APPAREL,0.0,['c']
22249155,APPAREL,0.0,[]
25142074,APPAREL,0.0,[]
19402977,APPAREL,0.0,[]
13858219,APPAREL,0.0,[]
15746146,APPAREL,0.0,[]
26586477,APPAREL,0.0,[]
37750854,APPAREL,0.0,[]
33665485,APPAREL,0.0,[]
26098594,APPAREL,0.0,[]
10562768,APPAREL,0.0,[]
12122372,APPAREL,0.0,[]
14304010,APPAREL,0.0,[]
36136569,APPAREL,0.0,[]
20504094,APPAREL,0.0,[]
24989856,APPAREL,0.0,[]
22852364,APPAREL,0.0,[]
83566455,APPAREL,0.0,['c']
19714635,APPAREL,0.0,[]
25543217,APPAREL,0.0,[]
15139979,ENGINEERING,0.0,[]
28005884,ENGINEERING,0.0,[]
13149176,ENGINEERING,0.0,[]
12022566,ENGINEERING,0.0,['c']
20981299,ENGINEERING,0.0,['c']
25919149,ENGINEERING,0.0,[]
86828820,ENGINEERING,0.0,[]
28320387,ENGINEERING,0.0,[]
14049846,ENGINEERING,0.0,[]
43752620,ENGINEERING,0.0,['c']
47549345,ENGINEERING,0.0,['c']
28505854,ENGINEERING,0.0,"['java', 'c', 'linux', 'machine learning', 'tensorflow']"
24647794,ENGINEERING,0.0,['c']
16803215,ENGINEERING,0.0,['java']
37335325,ENGINEERING,0.0,"['java', 'c', 'git', 'linux']"
28831378,ENGINEERING,0.0,[]
21807224,ENGINEERING,0.0,['aws']
56691064,ENGINEERING,0.0,"['java', 'c']"
64755882,ENGINEERING,0.0,"['c', 'linux']"
25930778,ENGINEERING,0.0,[]
39855211,ENGINEERING,0.0,[]
12518008,ENGINEERING,0.0,[]
55953734,ENGINEERING,0.0,['python']
23234047,ENGINEERING,0.0,"['java', 'c']"
38314236,ENGINEERING,0.0,[]
25425322,ENGINEERING,0.0,[]
28631840,ENGINEERING,0.0,[]
35737840,ENGINEERING,0.0,[]
15601399,ENGINEERING,0.0,[]
64468610,ENGINEERING,0.0,"['c', 'javascript']"
28078163,ENGINEERING,0.0,"['c', 'javascript']"
31677347,ENGINEERING,0.0,"['c', 'javascript']"
28762662,ENGINEERING,0.0,"['c', 'css', 'javascript']"
15858254,ENGINEERING,0.0,['linux']
35651876,ENGINEERING,0.0,[]
24322804,ENGINEERING,0.0,['c']
12488356,ENGINEERING,0.0,[]
26834746,ENGINEERING,0.0,[]
39835894,ENGINEERING,0.0,['linux']
17103000,ENGINEERING,0.0,[]
12748557,ENGINEERING,0.0,"['c', 'react']"
28923650,ENGINEERING,0.0,"['c', 'machine learning']"
30542184,ENGINEERING,0.0,[]
15941675,ENGINEERING,0.0,[]
19397727,ENGINEERING,0.0,[]
47919212,ENGINEERING,0.0,"['css', 'azure']"
10712803,ENGINEERING,0.0,['c']
14554542,ENGINEERING,0.0,[]
49127329,ENGINEERING,0.0,[]
10219099,ENGINEERING,0.0,[]
82125182,ENGINEERING,0.0,"['java', 'c']"
17488801,ENGINEERING,0.0,[]
11981094,ENGINEERING,0.0,"['c', 'javascript']"
60004873,ENGINEERING,0.0,[]
38220146,ENGINEERING,0.0,[]
28630325,ENGINEERING,0.0,"['c', 'mysql', 'css']"
13264796,ENGINEERING,0.0,[]
96029688,ENGINEERING,0.0,[]
18753367,ENGINEERING,0.0,['c']
10985403,ENGINEERING,0.0,['machine learning']
10030015,ENGINEERING,0.0,[]
86209934,ENGINEERING,0.0,[]
61579998,ENGINEERING,0.0,"['java', 'c']"
62071407,ENGINEERING,0.0,[]
33685075,ENGINEERING,0.0,[]
35172961,ENGINEERING,0.0,['c']
21629057,ENGINEERING,0.0,[]
30361788,ACCOUNTANT,0.0,[]
12338274,ACCOUNTANT,0.0,[]
12442909,ACCOUNTANT,0.0,[]
10554236,ACCOUNTANT,0.0,['c']
18365791,ACCOUNTANT,0.0,['html']
23139819,ACCOUNTANT,0.0,[]
17407184,ACCOUNTANT,0.0,[]
30813919,ACCOUNTANT,0.0,[]
25462793,ACCOUNTANT,0.0,[]
53640713,ACCOUNTANT,0.0,[]
13294301,ACCOUNTANT,0.0,[]
25127518,ACCOUNTANT,0.0,[]
24799301,ACCOUNTANT,0.0,[]
15821633,ACCOUNTANT,0.0,[]
63137898,ACCOUNTANT,0.0,[]
20624984,ACCOUNTANT,0.0,[]
25935030,ACCOUNTANT,0.0,[]
28359817,ACCOUNTANT,0.0,[]
25862026,ACCOUNTANT,0.0,[]
21853199,ACCOUNTANT,0.0,[]
39674178,ACCOUNTANT,0.0,[]
14055988,ACCOUNTANT,0.0,[]
27637576,ACCOUNTANT,0.0,[]
34198885,ACCOUNTANT,0.0,[]
62809577,ACCOUNTANT,0.0,[]
38847011,ACCOUNTANT,0.0,[]
20082776,ACCOUNTANT,0.0,['c']
24703009,ACCOUNTANT,0.0,['c']
35554162,ACCOUNTANT,0.0,[]
78257294,ACCOUNTANT,0.0,[]
23438112,ACCOUNTANT,0.0,[]
29050809,ACCOUNTANT,0.0,[]
22465498,ACCOUNTANT,0.0,[]
13072019,ACCOUNTANT,0.0,[]
18472240,CONSTRUCTION,0.0,['c']
71576860,CONSTRUCTION,0.0,[]
29087505,CONSTRUCTION,0.0,[]
22965804,CONSTRUCTION,0.0,[]
25656981,CONSTRUCTION,0.0,['c']
26091595,CONSTRUCTION,0.0,[]
11393213,CONSTRUCTION,0.0,[]
14900898,CONSTRUCTION,0.0,['aws']
25098739,CONSTRUCTION,0.0,[]
78114950,CONSTRUCTION,0.0,[]
35971546,CONSTRUCTION,0.0,[]
22019500,CONSTRUCTION,0.0,[]
12839152,CONSTRUCTION,0.0,[]
16353584,CONSTRUCTION,0.0,['c']
29878348,CONSTRUCTION,0.0,[]
15564893,CONSTRUCTION,0.0,[]
12491898,CONSTRUCTION,0.0,['c']
32799518,CONSTRUCTION,0.0,[]
28942221,CONSTRUCTION,0.0,['c']
10176013,CONSTRUCTION,0.0,[]
16378091,CONSTRUCTION,0.0,[]
61065616,CONSTRUCTION,0.0,[]
17342969,CONSTRUCTION,0.0,[]
24770846,CONSTRUCTION,0.0,[]
28756444,CONSTRUCTION,0.0,[]
10281555,CONSTRUCTION,0.0,[]
48549972,CONSTRUCTION,0.0,[]
17252448,CONSTRUCTION,0.0,[]
15721849,CONSTRUCTION,0.0,[]
56525735,CONSTRUCTION,0.0,[]
94503308,CONSTRUCTION,0.0,[]
27835351,CONSTRUCTION,0.0,[]
39674782,CONSTRUCTION,0.0,[]
32025286,CONSTRUCTION,0.0,[]
21567392,CONSTRUCTION,0.0,['c']
32265203,CONSTRUCTION,0.0,[]
27246366,CONSTRUCTION,0.0,[]
27066370,CONSTRUCTION,0.0,[]
21363048,CONSTRUCTION,0.0,[]
25224998,CONSTRUCTION,0.0,[]
17570634,CONSTRUCTION,0.0,[]
10149490,CONSTRUCTION,0.0,[]
22983516,CONSTRUCTION,0.0,[]
44147689,CONSTRUCTION,0.0,[]
12654876,CONSTRUCTION,0.0,[]
12212468,CONSTRUCTION,0.0,['c']
29483501,CONSTRUCTION,0.0,[]
69764348,CONSTRUCTION,0.0,[]
45475027,CONSTRUCTION,0.0,[]
20565849,CONSTRUCTION,0.0,[]
14849103,CONSTRUCTION,0.0,['c']
10100240,CONSTRUCTION,0.0,[]
22894544,CONSTRUCTION,0.0,[]
19928941,CONSTRUCTION,0.0,[]
39027764,CONSTRUCTION,0.0,[]
24953126,CONSTRUCTION,0.0,[]
22718826,CONSTRUCTION,0.0,[]
30311725,CONSTRUCTION,0.0,[]
29061628,CONSTRUCTION,0.0,[]
12826414,CONSTRUCTION,0.0,[]
63083944,CONSTRUCTION,0.0,[]
22546476,CONSTRUCTION,0.0,[]
90032884,CONSTRUCTION,0.0,[]
27187994,CONSTRUCTION,0.0,[]
78298706,CONSTRUCTION,0.0,[]
11650031,CONSTRUCTION,0.0,[]
12695537,CONSTRUCTION,0.0,[]
23143731,PUBLIC-RELATIONS,0.0,[]
26130673,PUBLIC-RELATIONS,0.0,[]
14278888,PUBLIC-RELATIONS,0.0,[]
98086373,PUBLIC-RELATIONS,0.0,[]
23673025,PUBLIC-RELATIONS,0.0,[]
28290448,PUBLIC-RELATIONS,0.0,[]
24559558,PUBLIC-RELATIONS,0.0,[]
28862054,PUBLIC-RELATIONS,0.0,['c']
14536764,PUBLIC-RELATIONS,0.0,['html']
37087371,PUBLIC-RELATIONS,0.0,[]
12191094,PUBLIC-RELATIONS,0.0,[]
12920612,PUBLIC-RELATIONS,0.0,[]
14009087,PUBLIC-RELATIONS,0.0,['html']
12545844,PUBLIC-RELATIONS,0.0,[]
31292364,PUBLIC-RELATIONS,0.0,['css']
11902276,PUBLIC-RELATIONS,0.0,['c']
23771896,PUBLIC-RELATIONS,0.0,[]
25413261,PUBLIC-RELATIONS,0.0,[]
49119887,PUBLIC-RELATIONS,0.0,[]
45900271,PUBLIC-RELATIONS,0.0,[]
24977396,PUBLIC-RELATIONS,0.0,[]
59346975,PUBLIC-RELATIONS,0.0,['html']
24710433,PUBLIC-RELATIONS,0.0,[]
26330995,PUBLIC-RELATIONS,0.0,[]
29525715,PUBLIC-RELATIONS,0.0,[]
15917885,PUBLIC-RELATIONS,0.0,[]
24590489,PUBLIC-RELATIONS,0.0,[]
19929506,PUBLIC-RELATIONS,0.0,[]
31220062,PUBLIC-RELATIONS,0.0,[]
26173524,PUBLIC-RELATIONS,0.0,[]
85973397,PUBLIC-RELATIONS,0.0,['c']
14128006,PUBLIC-RELATIONS,0.0,[]
16620172,PUBLIC-RELATIONS,0.0,['c']
25001005,PUBLIC-RELATIONS,0.0,['c']
19497420,PUBLIC-RELATIONS,0.0,[]
37375999,PUBLIC-RELATIONS,0.0,[]
11160414,PUBLIC-RELATIONS,0.0,[]
16226743,PUBLIC-RELATIONS,0.0,['c']
61319162,PUBLIC-RELATIONS,0.0,[]
75329822,PUBLIC-RELATIONS,0.0,[]
11624880,PUBLIC-RELATIONS,0.0,[]
21669215,PUBLIC-RELATIONS,0.0,[]
19558834,PUBLIC-RELATIONS,0.0,[]
11842274,PUBLIC-RELATIONS,0.0,['c']
21549195,PUBLIC-RELATIONS,0.0,[]
36671891,PUBLIC-RELATIONS,0.0,[]
51415089,PUBLIC-RELATIONS,0.0,[]
28531493,PUBLIC-RELATIONS,0.0,[]
11635137,PUBLIC-RELATIONS,0.0,[]
23015611,PUBLIC-RELATIONS,0.0,['machine learning']
45462344,PUBLIC-RELATIONS,0.0,[]
24677466,PUBLIC-RELATIONS,0.0,[]
23602130,PUBLIC-RELATIONS,0.0,[]
24491862,PUBLIC-RELATIONS,0.0,[]
29329075,PUBLIC-RELATIONS,0.0,[]
23631724,PUBLIC-RELATIONS,0.0,[]
14611516,PUBLIC-RELATIONS,0.0,['python']
32441790,PUBLIC-RELATIONS,0.0,[]
12237267,PUBLIC-RELATIONS,0.0,[]
26127853,PUBLIC-RELATIONS,0.0,[]
14966165,PUBLIC-RELATIONS,0.0,[]
22754014,PUBLIC-RELATIONS,0.0,[]
28975482,PUBLIC-RELATIONS,0.0,[]
21663616,PUBLIC-RELATIONS,0.0,[]
23048999,PUBLIC-RELATIONS,0.0,[]
79041971,BANKING,0.0,[]
29093426,BANKING,0.0,[]
33286293,BANKING,0.0,[]
29552167,BANKING,0.0,[]
13982572,BANKING,0.0,[]
12021752,BANKING,0.0,[]
17396388,BANKING,0.0,[]
28419927,BANKING,0.0,[]
70667011,BANKING,0.0,[]
36302399,BANKING,0.0,[]
43375498,BANKING,0.0,[]
18805506,BANKING,0.0,[]
30127072,BANKING,0.0,[]
13393401,BANKING,0.0,['c']
21856577,BANKING,0.0,['c']
33872500,BANKING,0.0,[]
11672279,BANKING,0.0,[]
33135102,BANKING,0.0,[]
34783330,BANKING,0.0,[]
33370664,BANKING,0.0,[]
15553584,BANKING,0.0,[]
11842348,BANKING,0.0,[]
36905896,BANKING,0.0,[]
25624652,BANKING,0.0,[]
10909673,BANKING,0.0,[]
60182829,BANKING,0.0,[]
21796843,BANKING,0.0,[]
65864767,BANKING,0.0,['c']
72876163,BANKING,0.0,['c']
27884470,BANKING,0.0,[]
64589506,BANKING,0.0,[]
29406313,BANKING,0.0,[]
20992320,BANKING,0.0,[]
73157997,BANKING,0.0,[]
28051330,BANKING,0.0,[]
19437318,BANKING,0.0,[]
19911786,BANKING,0.0,[]
96493528,BANKING,0.0,[]
68781345,BANKING,0.0,[]
14626780,BANKING,0.0,[]
28989677,BANKING,0.0,['c']
41651672,BANKING,0.0,[]
18645964,BANKING,0.0,[]
18278509,BANKING,0.0,[]
18369400,BANKING,0.0,[]
11266906,BANKING,0.0,[]
39142536,BANKING,0.0,[]
21756639,BANKING,0.0,[]
31273413,ARTS,0.0,[]
12386670,ARTS,0.0,[]
93576192,ARTS,0.0,[]
15306049,ARTS,0.0,[]
31114531,ARTS,0.0,[]
21060367,ARTS,0.0,[]
17325147,ARTS,0.0,[]
23752500,ARTS,0.0,[]
20149476,ARTS,0.0,['c']
54100393,ARTS,0.0,[]
11187796,ARTS,0.0,[]
39470264,ARTS,0.0,[]
12413512,ARTS,0.0,[]
14879257,ARTS,0.0,[]
33344933,ARTS,0.0,"['java', 'c']"
24983760,ARTS,0.0,[]
29148871,ARTS,0.0,['c']
28325193,ARTS,0.0,[]
15265464,ARTS,0.0,[]
24349611,ARTS,0.0,['c']
19508520,ARTS,0.0,[]
22800977,ARTS,0.0,[]
36758947,ARTS,0.0,['c']
32318506,ARTS,0.0,[]
73497035,ARTS,0.0,[]
12777487,ARTS,0.0,[]
26069113,ARTS,0.0,['c']
41950126,ARTS,0.0,[]
43622023,ARTS,0.0,[]
18319061,ARTS,0.0,[]
50432401,ARTS,0.0,[]
19724031,ARTS,0.0,[]
28471099,ARTS,0.0,[]
22848179,ARTS,0.0,[]
37220856,ARTS,0.0,['html']
78107631,ARTS,0.0,['c']
21867728,ARTS,0.0,[]
37472265,ARTS,0.0,[]
17033567,ARTS,0.0,[]
19671909,ARTS,0.0,[]
53227466,ARTS,0.0,[]
83338413,ARTS,0.0,[]
18029935,ARTS,0.0,[]
16962067,ARTS,0.0,[]
14150896,ARTS,0.0,[]
27936502,ARTS,0.0,[]
65325317,ARTS,0.0,[]
30594821,ARTS,0.0,[]
27164756,ARTS,0.0,['html']
34146825,ARTS,0.0,['c']
54180474,ARTS,0.0,[]
37751611,ARTS,0.0,[]
73030450,ARTS,0.0,[]
39608848,ARTS,0.0,[]
10830646,ARTS,0.0,[]
28711616,ARTS,0.0,[]
39064638,ARTS,0.0,[]
13272204,ARTS,0.0,[]
11360471,ARTS,0.0,[]
18885767,ARTS,0.0,[]
20698469,ARTS,0.0,[]
27715131,ARTS,0.0,[]
32794700,ARTS,0.0,['html']
23139437,ARTS,0.0,[]
20148147,ARTS,0.0,['c']
34304175,ARTS,0.0,[]
26410763,ARTS,0.0,"['java', 'c', 'linux']"
21809601,ARTS,0.0,[]
27096796,ARTS,0.0,[]
17694454,ARTS,0.0,['c']
79432080,ARTS,0.0,[]
66226673,ARTS,0.0,['aws']
16887936,ARTS,0.0,['html']
14248724,ARTS,0.0,[]
69458502,AVIATION,0.0,['c']
82738323,AVIATION,0.0,[]
21287405,AVIATION,0.0,[]
23761385,AVIATION,0.0,[]
38355831,AVIATION,0.0,[]
24773845,AVIATION,0.0,['c']
17876954,AVIATION,0.0,[]
36252245,AVIATION,0.0,['html']
36727173,AVIATION,0.0,[]
91431878,AVIATION,0.0,['c']
70198580,AVIATION,0.0,[]
67631413,AVIATION,0.0,[]
13234267,AVIATION,0.0,[]
18268860,AVIATION,0.0,[]
14790629,AVIATION,0.0,[]
90318913,AVIATION,0.0,[]
26279402,AVIATION,0.0,[]
27902692,AVIATION,0.0,[]
28186635,AVIATION,0.0,[]
42641525,AVIATION,0.0,['c']
34419403,AVIATION,0.0,[]
14589288,AVIATION,0.0,[]
43408471,AVIATION,0.0,[]
38154903,AVIATION,0.0,[]
29167286,AVIATION,0.0,[]
11169163,AVIATION,0.0,[]
28383893,AVIATION,0.0,['html']
38047274,AVIATION,0.0,[]
16449694,AVIATION,0.0,[]
22990761,AVIATION,0.0,['c']
10945968,AVIATION,0.0,"['java', 'c']"
12192507,AVIATION,0.0,[]
23985183,AVIATION,0.0,[]
11333001,AVIATION,0.0,[]
65219288,AVIATION,0.0,[]
27502951,AVIATION,0.0,[]
22650051,AVIATION,0.0,[]
24668861,AVIATION,0.0,[]
96457008,AVIATION,0.0,[]
17686472,AVIATION,0.0,[]
54232810,AVIATION,0.0,[]
68216398,AVIATION,0.0,[]
92283635,AVIATION,0.0,[]
11614114,AVIATION,0.0,[]
61315605,AVIATION,0.0,[]
11959428,AVIATION,0.0,[]
10395944,AVIATION,0.0,[]
10567764,AVIATION,0.0,"['c', 'html']"
11752500,AVIATION,0.0,['c']
31536294,AVIATION,0.0,['c']
14874322,AVIATION,0.0,[]
12504278,AVIATION,0.0,[]
58048626,AVIATION,0.0,[]
15684810,AVIATION,0.0,['c']
22168194,AVIATION,0.0,[]
29595906,AVIATION,0.0,[]
77626587,AVIATION,0.0,[]
98389424,AVIATION,0.0,['linux']
17152392,AVIATION,0.0,[]
49646155,AVIATION,0.0,[]
33627938,AVIATION,0.0,[]
12904972,AVIATION,0.0,[]
16279537,AVIATION,0.0,[]
17008356,AVIATION,0.0,[]
25625173,AVIATION,0.0,[]
29534737,AVIATION,0.0,[]
17655479,AVIATION,0.0,[]
99416532,AVIATION,0.0,[]
31605080,AVIATION,0.0,[]
